Name,State,Year,Population,Percent change
Admire,Kansas,1920,205,0.0
Admire,Kansas,1930,263,28.3
Admire,Kansas,1940,270,2.7
Admire,Kansas,1950,184,-31.9
Admire,Kansas,1960,149,-19.0
Admire,Kansas,1970,144,-3.4
Admire,Kansas,1980,158,9.7
Admire,Kansas,1990,147,-7.0
Admire,Kansas,2000,177,20.4
Admire,Kansas,2010,156,-11.9
Admire,Kansas,2020,130,-16.7
Agenda,Kansas,1920,239,0.0
Agenda,Kansas,1930,185,-22.6
Agenda,Kansas,1940,179,-3.2
Agenda,Kansas,1950,159,-11.2
Agenda,Kansas,1960,124,-22.0
Agenda,Kansas,1970,107,-13.7
Agenda,Kansas,1980,106,-0.9
Agenda,Kansas,1990,81,-23.6
Agenda,Kansas,2000,81,0.0
Agenda,Kansas,2010,68,-16.0
Agenda,Kansas,2020,47,-30.9
Allen,Kansas,1910,286,0.0
Allen,Kansas,1920,295,3.1
Allen,Kansas,1930,343,16.3
Allen,Kansas,1940,279,-18.7
Allen,Kansas,1950,241,-13.6
Allen,Kansas,1960,205,-14.9
Allen,Kansas,1970,175,-14.6
Allen,Kansas,1980,205,17.1
Allen,Kansas,1990,191,-6.8
Allen,Kansas,2000,211,10.5
Allen,Kansas,2010,177,-16.1
Allen,Kansas,2020,160,-9.6
Alma,Kansas,1880,362,0.0
Alma,Kansas,1890,1125,210.8
Alma,Kansas,1900,966,-14.1
Alma,Kansas,1910,1010,4.6
Alma,Kansas,1920,789,-21.9
Alma,Kansas,1930,811,2.8
Alma,Kansas,1940,776,-4.3
Alma,Kansas,1950,716,-7.7
Alma,Kansas,1960,838,17.0
Alma,Kansas,1970,905,8.0
Alma,Kansas,1980,925,2.2
Alma,Kansas,1990,871,-5.8
Alma,Kansas,2000,797,-8.5
Alma,Kansas,2010,832,4.4
Alma,Kansas,2020,802,-3.6
Alton,Kansas,1890,338,0.0
Alton,Kansas,1900,287,-15.1
Alton,Kansas,1910,414,44.3
Alton,Kansas,1920,423,2.2
Alton,Kansas,1930,383,-9.5
Alton,Kansas,1940,435,13.6
Alton,Kansas,1950,317,-27.1
Alton,Kansas,1960,299,-5.7
Alton,Kansas,1970,214,-28.4
Alton,Kansas,1980,135,-36.9
Alton,Kansas,1990,115,-14.8
Alton,Kansas,2000,117,1.7
Alton,Kansas,2010,103,-12.0
Alton,Kansas,2020,100,-2.9
Americus,Kansas,1880,431,0.0
Americus,Kansas,1890,393,-8.8
Americus,Kansas,1900,332,-15.5
Americus,Kansas,1910,451,35.8
Americus,Kansas,1920,493,9.3
Americus,Kansas,1930,430,-12.8
Americus,Kansas,1940,406,-5.6
Americus,Kansas,1950,339,-16.5
Americus,Kansas,1960,300,-11.5
Americus,Kansas,1970,441,47.0
Americus,Kansas,1980,915,107.5
Americus,Kansas,1990,891,-2.6
Americus,Kansas,2000,938,5.3
Americus,Kansas,2010,894,-4.7
Americus,Kansas,2020,776,-13.2
Anthony,Kansas,1880,345,0.0
Anthony,Kansas,1890,1806,423.5
Anthony,Kansas,1900,1179,-34.7
Anthony,Kansas,1910,2669,126.4
Anthony,Kansas,1920,2740,2.7
Anthony,Kansas,1930,2947,7.6
Anthony,Kansas,1940,2873,-2.5
Anthony,Kansas,1950,2792,-2.8
Anthony,Kansas,1960,2744,-1.7
Anthony,Kansas,1970,2653,-3.3
Anthony,Kansas,1980,2661,0.3
Anthony,Kansas,1990,2516,-5.4
Anthony,Kansas,2000,2440,-3.0
Anthony,Kansas,2010,2269,-7.0
Anthony,Kansas,2020,2108,-7.1
Argonia,Kansas,1890,376,0.0
Argonia,Kansas,1900,309,-17.8
Argonia,Kansas,1910,466,50.8
Argonia,Kansas,1920,478,2.6
Argonia,Kansas,1930,546,14.2
Argonia,Kansas,1940,532,-2.6
Argonia,Kansas,1950,562,5.6
Argonia,Kansas,1960,553,-1.6
Argonia,Kansas,1970,591,6.9
Argonia,Kansas,1980,587,-0.7
Argonia,Kansas,1990,529,-9.9
Argonia,Kansas,2000,534,0.9
Argonia,Kansas,2010,501,-6.2
Argonia,Kansas,2020,456,-9.0
Ashland,Kansas,1890,459,0.0
Ashland,Kansas,1900,493,7.4
Ashland,Kansas,1910,910,84.6
Ashland,Kansas,1920,1147,26.0
Ashland,Kansas,1930,1232,7.4
Ashland,Kansas,1940,1186,-3.7
Ashland,Kansas,1950,1493,25.9
Ashland,Kansas,1960,1312,-12.1
Ashland,Kansas,1970,1244,-5.2
Ashland,Kansas,1980,1096,-11.9
Ashland,Kansas,1990,1032,-5.8
Ashland,Kansas,2000,975,-5.5
Ashland,Kansas,2010,867,-11.1
Ashland,Kansas,2020,783,-9.7
Assaria,Kansas,1880,56,0.0
Assaria,Kansas,1890,180,221.4
Assaria,Kansas,1900,214,18.9
Assaria,Kansas,1910,246,15.0
Assaria,Kansas,1920,234,-4.9
Assaria,Kansas,1930,201,-14.1
Assaria,Kansas,1940,232,15.4
Assaria,Kansas,1950,221,-4.7
Assaria,Kansas,1960,322,45.7
Assaria,Kansas,1970,303,-5.9
Assaria,Kansas,1980,414,36.6
Assaria,Kansas,1990,387,-6.5
Assaria,Kansas,2000,438,13.2
Assaria,Kansas,2010,413,-5.7
Assaria,Kansas,2020,428,3.6
Atlanta,Kansas,1910,330,0.0
Atlanta,Kansas,1920,379,14.8
Atlanta,Kansas,1930,348,-8.2
Atlanta,Kansas,1940,286,-17.8
Atlanta,Kansas,1950,309,8.0
Atlanta,Kansas,1960,267,-13.6
Atlanta,Kansas,1970,216,-19.1
Atlanta,Kansas,1980,256,18.5
Atlanta,Kansas,1990,232,-9.4
Atlanta,Kansas,2000,255,9.9
Atlanta,Kansas,2010,195,-23.5
Atlanta,Kansas,2020,168,-13.8
Barnard,Kansas,1910,425,0.0
Barnard,Kansas,1920,359,-15.5
Barnard,Kansas,1930,416,15.9
Barnard,Kansas,1940,306,-26.4
Barnard,Kansas,1950,242,-20.9
Barnard,Kansas,1960,205,-15.3
Barnard,Kansas,1970,190,-7.3
Barnard,Kansas,1980,163,-14.2
Barnard,Kansas,1990,129,-20.9
Barnard,Kansas,2000,123,-4.7
Barnard,Kansas,2010,70,-43.1
Barnard,Kansas,2020,64,-8.6
Barnes,Kansas,1880,32,0.0
Barnes,Kansas,1900,383,0.0
Barnes,Kansas,1910,454,18.5
Barnes,Kansas,1920,395,-13.0
Barnes,Kansas,1930,361,-8.6
Barnes,Kansas,1940,391,8.3
Barnes,Kansas,1950,308,-21.2
Barnes,Kansas,1960,247,-19.8
Barnes,Kansas,1970,209,-15.4
Barnes,Kansas,1980,257,23.0
Barnes,Kansas,1990,167,-35.0
Barnes,Kansas,2000,152,-9.0
Barnes,Kansas,2010,159,4.6
Barnes,Kansas,2020,165,3.8
Bartlett,Kansas,1910,249,0.0
Bartlett,Kansas,1920,222,-10.8
Bartlett,Kansas,1930,167,-24.8
Bartlett,Kansas,1940,161,-3.6
Bartlett,Kansas,1950,143,-11.2
Bartlett,Kansas,1960,137,-4.2
Bartlett,Kansas,1970,138,0.7
Bartlett,Kansas,1980,163,18.1
Bartlett,Kansas,1990,107,-34.4
Bartlett,Kansas,2000,124,15.9
Bartlett,Kansas,2010,80,-35.5
Bartlett,Kansas,2020,69,-13.7
Bassett,Kansas,1910,415,0.0
Bassett,Kansas,1920,319,-23.1
Bassett,Kansas,1930,194,-39.2
Bassett,Kansas,1940,124,-36.1
Bassett,Kansas,1950,117,-5.6
Bassett,Kansas,1960,67,-42.7
Bassett,Kansas,1970,62,-7.5
Bassett,Kansas,1980,31,-50.0
Bassett,Kansas,1990,20,-35.5
Bassett,Kansas,2000,22,10.0
Bassett,Kansas,2010,14,-36.4
Bassett,Kansas,2020,20,42.9
Belle Plaine,Kansas,1880,348,0.0
Belle Plaine,Kansas,1890,659,89.4
Belle Plaine,Kansas,1900,551,-16.4
Belle Plaine,Kansas,1910,849,54.1
Belle Plaine,Kansas,1920,839,-1.2
Belle Plaine,Kansas,1930,825,-1.7
Belle Plaine,Kansas,1940,878,6.4
Belle Plaine,Kansas,1950,971,10.6
Belle Plaine,Kansas,1960,1579,62.6
Belle Plaine,Kansas,1970,1553,-1.6
Belle Plaine,Kansas,1980,1706,9.9
Belle Plaine,Kansas,1990,1649,-3.3
Belle Plaine,Kansas,2000,1708,3.6
Belle Plaine,Kansas,2010,1681,-1.6
Belle Plaine,Kansas,2020,1467,-12.7
Belleville,Kansas,1880,238,0.0
Belleville,Kansas,1890,1868,684.9
Belleville,Kansas,1900,1833,-1.9
Belleville,Kansas,1910,2224,21.3
Belleville,Kansas,1920,2254,1.3
Belleville,Kansas,1930,2383,5.7
Belleville,Kansas,1940,2580,8.3
Belleville,Kansas,1950,2858,10.8
Belleville,Kansas,1960,2940,2.9
Belleville,Kansas,1970,3063,4.2
Belleville,Kansas,1980,2805,-8.4
Belleville,Kansas,1990,2517,-10.3
Belleville,Kansas,2000,2239,-11.0
Belleville,Kansas,2010,1991,-11.1
Belleville,Kansas,2020,2007,0.8
Benedict,Kansas,1910,215,0.0
Benedict,Kansas,1920,275,27.9
Benedict,Kansas,1930,223,-18.9
Benedict,Kansas,1940,213,-4.5
Benedict,Kansas,1950,176,-17.4
Benedict,Kansas,1960,128,-27.3
Benedict,Kansas,1970,91,-28.9
Benedict,Kansas,1980,111,22.0
Benedict,Kansas,1990,16,-85.6
Benedict,Kansas,2000,103,543.8
Benedict,Kansas,2010,73,-29.1
Benedict,Kansas,2020,69,-5.5
Bern,Kansas,1930,306,0.0
Bern,Kansas,1940,236,-22.9
Bern,Kansas,1950,216,-8.5
Bern,Kansas,1960,206,-4.6
Bern,Kansas,1970,191,-7.3
Bern,Kansas,1980,220,15.2
Bern,Kansas,1990,190,-13.6
Bern,Kansas,2000,204,7.4
Bern,Kansas,2010,166,-18.6
Bern,Kansas,2020,161,-3.0
Beverly,Kansas,1910,335,0.0
Beverly,Kansas,1920,344,2.7
Beverly,Kansas,1930,328,-4.7
Beverly,Kansas,1940,292,-11.0
Beverly,Kansas,1950,255,-12.7
Beverly,Kansas,1960,199,-22.0
Beverly,Kansas,1970,193,-3.0
Beverly,Kansas,1980,171,-11.4
Beverly,Kansas,1990,131,-23.4
Beverly,Kansas,2000,199,51.9
Beverly,Kansas,2010,162,-18.6
Beverly,Kansas,2020,135,-16.7
Bird City,Kansas,1890,145,0.0
Bird City,Kansas,1900,88,-39.3
Bird City,Kansas,1910,190,115.9
Bird City,Kansas,1920,489,157.4
Bird City,Kansas,1930,740,51.3
Bird City,Kansas,1940,694,-6.2
Bird City,Kansas,1950,784,13.0
Bird City,Kansas,1960,678,-13.5
Bird City,Kansas,1970,671,-1.0
Bird City,Kansas,1980,546,-18.6
Bird City,Kansas,1990,467,-14.5
Bird City,Kansas,2000,482,3.2
Bird City,Kansas,2010,447,-7.3
Bird City,Kansas,2020,437,-2.2
Blue Mound,Kansas,1890,689,0.0
Blue Mound,Kansas,1900,738,7.1
Blue Mound,Kansas,1910,596,-19.2
Blue Mound,Kansas,1920,570,-4.4
Blue Mound,Kansas,1930,545,-4.4
Blue Mound,Kansas,1940,449,-17.6
Blue Mound,Kansas,1950,424,-5.6
Blue Mound,Kansas,1960,319,-24.8
Blue Mound,Kansas,1970,308,-3.4
Blue Mound,Kansas,1980,319,3.6
Blue Mound,Kansas,1990,251,-21.3
Blue Mound,Kansas,2000,277,10.4
Blue Mound,Kansas,2010,275,-0.7
Blue Mound,Kansas,2020,219,-20.4
Bluff City,Kansas,1890,194,0.0
Bluff City,Kansas,1900,200,3.1
Bluff City,Kansas,1910,307,53.5
Bluff City,Kansas,1920,272,-11.4
Bluff City,Kansas,1930,233,-14.3
Bluff City,Kansas,1940,252,8.2
Bluff City,Kansas,1950,172,-31.7
Bluff City,Kansas,1960,152,-11.6
Bluff City,Kansas,1970,109,-28.3
Bluff City,Kansas,1980,95,-12.8
Bluff City,Kansas,1990,69,-27.4
Bluff City,Kansas,2000,80,15.9
Bluff City,Kansas,2010,65,-18.7
Bluff City,Kansas,2020,45,-30.8
Bronson,Kansas,1890,352,0.0
Bronson,Kansas,1900,361,2.6
Bronson,Kansas,1910,595,64.8
Bronson,Kansas,1920,590,-0.8
Bronson,Kansas,1930,450,-23.7
Bronson,Kansas,1940,421,-6.4
Bronson,Kansas,1950,415,-1.4
Bronson,Kansas,1960,354,-14.7
Bronson,Kansas,1970,397,12.1
Bronson,Kansas,1980,414,4.3
Bronson,Kansas,1990,343,-17.1
Bronson,Kansas,2000,346,0.9
Bronson,Kansas,2010,323,-6.6
Bronson,Kansas,2020,304,-5.9
Brownell,Kansas,1930,207,0.0
Brownell,Kansas,1940,162,-21.7
Brownell,Kansas,1950,211,30.2
Brownell,Kansas,1960,118,-44.1
Brownell,Kansas,1970,98,-16.9
Brownell,Kansas,1980,92,-6.1
Brownell,Kansas,1990,44,-52.2
Brownell,Kansas,2000,48,9.1
Brownell,Kansas,2010,29,-39.6
Brownell,Kansas,2020,23,-20.7
Bucklin,Kansas,1910,696,0.0
Bucklin,Kansas,1920,835,20.0
Bucklin,Kansas,1930,917,9.8
Bucklin,Kansas,1940,832,-9.3
Bucklin,Kansas,1950,824,-1.0
Bucklin,Kansas,1960,752,-8.7
Bucklin,Kansas,1970,771,2.5
Bucklin,Kansas,1980,786,1.9
Bucklin,Kansas,1990,710,-9.7
Bucklin,Kansas,2000,725,2.1
Bucklin,Kansas,2010,794,9.5
Bucklin,Kansas,2020,727,-8.4
Buhler,Kansas,1920,486,0.0
Buhler,Kansas,1930,520,7.0
Buhler,Kansas,1940,634,21.9
Buhler,Kansas,1950,750,18.3
Buhler,Kansas,1960,888,18.4
Buhler,Kansas,1970,1019,14.8
Buhler,Kansas,1980,1188,16.6
Buhler,Kansas,1990,1277,7.5
Buhler,Kansas,2000,1358,6.3
Buhler,Kansas,2010,1327,-2.3
Buhler,Kansas,2020,1325,-0.2
Burlington,Kansas,1860,118,0.0
Burlington,Kansas,1870,960,713.6
Burlington,Kansas,1880,2011,109.5
Burlington,Kansas,1890,2239,11.3
Burlington,Kansas,1900,2418,8.0
Burlington,Kansas,1910,2180,-9.8
Burlington,Kansas,1920,2236,2.6
Burlington,Kansas,1930,2273,1.7
Burlington,Kansas,1940,2379,4.7
Burlington,Kansas,1950,2304,-3.2
Burlington,Kansas,1960,2113,-8.3
Burlington,Kansas,1970,2099,-0.7
Burlington,Kansas,1980,2901,38.2
Burlington,Kansas,1990,2735,-5.7
Burlington,Kansas,2000,2790,2.0
Burlington,Kansas,2010,2674,-4.2
Burlington,Kansas,2020,2634,-1.5
Burns,Kansas,1910,489,0.0
Burns,Kansas,1920,622,27.2
Burns,Kansas,1930,455,-26.8
Burns,Kansas,1940,409,-10.1
Burns,Kansas,1950,294,-28.1
Burns,Kansas,1960,314,6.8
Burns,Kansas,1970,268,-14.6
Burns,Kansas,1980,224,-16.4
Burns,Kansas,1990,226,0.9
Burns,Kansas,2000,268,18.6
Burns,Kansas,2010,228,-14.9
Burns,Kansas,2020,234,2.6
Burr Oak,Kansas,1880,425,0.0
Burr Oak,Kansas,1890,597,40.5
Burr Oak,Kansas,1900,671,12.4
Burr Oak,Kansas,1910,746,11.2
Burr Oak,Kansas,1920,638,-14.5
Burr Oak,Kansas,1930,595,-6.7
Burr Oak,Kansas,1940,560,-5.9
Burr Oak,Kansas,1950,505,-9.8
Burr Oak,Kansas,1960,473,-6.3
Burr Oak,Kansas,1970,426,-9.9
Burr Oak,Kansas,1980,366,-14.1
Burr Oak,Kansas,1990,278,-24.0
Burr Oak,Kansas,2000,265,-4.7
Burr Oak,Kansas,2010,174,-34.3
Burr Oak,Kansas,2020,140,-19.5
Burrton,Kansas,1880,386,0.0
Burrton,Kansas,1890,695,80.1
Burrton,Kansas,1900,627,-9.8
Burrton,Kansas,1910,689,9.9
Burrton,Kansas,1920,679,-1.5
Burrton,Kansas,1930,649,-4.4
Burrton,Kansas,1940,842,29.7
Burrton,Kansas,1950,749,-11.0
Burrton,Kansas,1960,774,3.3
Burrton,Kansas,1970,808,4.4
Burrton,Kansas,1980,976,20.8
Burrton,Kansas,1990,866,-11.3
Burrton,Kansas,2000,932,7.6
Burrton,Kansas,2010,901,-3.3
Burrton,Kansas,2020,861,-4.4
Bushong,Kansas,1930,193,0.0
Bushong,Kansas,1940,135,-30.1
Bushong,Kansas,1950,93,-31.1
Bushong,Kansas,1960,51,-45.2
Bushong,Kansas,1970,39,-23.5
Bushong,Kansas,1980,62,59.0
Bushong,Kansas,1990,57,-8.1
Bushong,Kansas,2000,55,-3.5
Bushong,Kansas,2010,34,-38.2
Bushong,Kansas,2020,27,-20.6
Caldwell,Kansas,1880,1005,0.0
Caldwell,Kansas,1890,1642,63.4
Caldwell,Kansas,1900,1574,-4.1
Caldwell,Kansas,1910,2205,40.1
Caldwell,Kansas,1920,2191,-0.6
Caldwell,Kansas,1930,2046,-6.6
Caldwell,Kansas,1940,1962,-4.1
Caldwell,Kansas,1950,2000,1.9
Caldwell,Kansas,1960,1788,-10.6
Caldwell,Kansas,1970,1540,-13.9
Caldwell,Kansas,1980,1401,-9.0
Caldwell,Kansas,1990,1351,-3.6
Caldwell,Kansas,2000,1284,-5.0
Caldwell,Kansas,2010,1068,-16.8
Caldwell,Kansas,2020,1025,-4.0
Carlton,Kansas,1890,121,0.0
Carlton,Kansas,1930,138,0.0
Carlton,Kansas,1940,101,-26.8
Carlton,Kansas,1950,76,-24.8
Carlton,Kansas,1960,78,2.6
Carlton,Kansas,1970,40,-48.7
Carlton,Kansas,1980,49,22.5
Carlton,Kansas,1990,39,-20.4
Carlton,Kansas,2000,38,-2.6
Carlton,Kansas,2010,42,10.5
Carlton,Kansas,2020,40,-4.8
Cedar,Kansas,1920,140,0.0
Cedar,Kansas,1930,148,5.7
Cedar,Kansas,1940,144,-2.7
Cedar,Kansas,1950,86,-40.3
Cedar,Kansas,1960,73,-15.1
Cedar,Kansas,1970,46,-37.0
Cedar,Kansas,1980,53,15.2
Cedar,Kansas,1990,25,-52.8
Cedar,Kansas,2000,26,4.0
Cedar,Kansas,2010,14,-46.2
Cedar,Kansas,2020,11,-21.4
Cedar Vale,Kansas,1880,218,0.0
Cedar Vale,Kansas,1890,640,193.6
Cedar Vale,Kansas,1900,932,45.6
Cedar Vale,Kansas,1910,948,1.7
Cedar Vale,Kansas,1920,1044,10.1
Cedar Vale,Kansas,1930,1000,-4.2
Cedar Vale,Kansas,1940,952,-4.8
Cedar Vale,Kansas,1950,1010,6.1
Cedar Vale,Kansas,1960,859,-15.0
Cedar Vale,Kansas,1970,665,-22.6
Cedar Vale,Kansas,1980,848,27.5
Cedar Vale,Kansas,1990,760,-10.4
Cedar Vale,Kansas,2000,723,-4.9
Cedar Vale,Kansas,2010,579,-19.9
Cedar Vale,Kansas,2020,476,-17.8
Centralia,Kansas,1880,289,0.0
Centralia,Kansas,1890,534,84.8
Centralia,Kansas,1900,655,22.7
Centralia,Kansas,1910,665,1.5
Centralia,Kansas,1920,619,-6.9
Centralia,Kansas,1930,682,10.2
Centralia,Kansas,1940,607,-11.0
Centralia,Kansas,1950,574,-5.4
Centralia,Kansas,1960,527,-8.2
Centralia,Kansas,1970,511,-3.0
Centralia,Kansas,1980,486,-4.9
Centralia,Kansas,1990,452,-7.0
Centralia,Kansas,2000,534,18.1
Centralia,Kansas,2010,512,-4.1
Centralia,Kansas,2020,485,-5.3
Chautauqua,Kansas,1910,348,0.0
Chautauqua,Kansas,1920,401,15.2
Chautauqua,Kansas,1930,282,-29.7
Chautauqua,Kansas,1940,254,-9.9
Chautauqua,Kansas,1950,215,-15.4
Chautauqua,Kansas,1960,205,-4.7
Chautauqua,Kansas,1970,137,-33.2
Chautauqua,Kansas,1980,156,13.9
Chautauqua,Kansas,1990,130,-16.7
Chautauqua,Kansas,2000,113,-13.1
Chautauqua,Kansas,2010,111,-1.8
Chautauqua,Kansas,2020,108,-2.7
Chetopa,Kansas,1870,960,0.0
Chetopa,Kansas,1880,1305,35.9
Chetopa,Kansas,1890,2265,73.6
Chetopa,Kansas,1900,2019,-10.9
Chetopa,Kansas,1910,1548,-23.3
Chetopa,Kansas,1920,1519,-1.9
Chetopa,Kansas,1930,1344,-11.5
Chetopa,Kansas,1940,1606,19.5
Chetopa,Kansas,1950,1671,4.0
Chetopa,Kansas,1960,1538,-8.0
Chetopa,Kansas,1970,1596,3.8
Chetopa,Kansas,1980,1751,9.7
Chetopa,Kansas,1990,1357,-22.5
Chetopa,Kansas,2000,1281,-5.6
Chetopa,Kansas,2010,1125,-12.2
Chetopa,Kansas,2020,929,-17.4
Circleville,Kansas,1880,122,0.0
Circleville,Kansas,1890,215,76.2
Circleville,Kansas,1900,223,3.7
Circleville,Kansas,1910,265,18.8
Circleville,Kansas,1920,226,-14.7
Circleville,Kansas,1930,211,-6.6
Circleville,Kansas,1940,216,2.4
Circleville,Kansas,1950,169,-21.8
Circleville,Kansas,1960,151,-10.7
Circleville,Kansas,1970,178,17.9
Circleville,Kansas,1980,164,-7.9
Circleville,Kansas,1990,153,-6.7
Circleville,Kansas,2000,185,20.9
Circleville,Kansas,2010,170,-8.1
Circleville,Kansas,2020,153,-10.0
Clay Center,Kansas,1880,1753,0.0
Clay Center,Kansas,1890,2802,59.8
Clay Center,Kansas,1900,3069,9.5
Clay Center,Kansas,1910,3438,12.0
Clay Center,Kansas,1920,3715,8.1
Clay Center,Kansas,1930,4386,18.1
Clay Center,Kansas,1940,4518,3.0
Clay Center,Kansas,1950,4528,0.2
Clay Center,Kansas,1960,4613,1.9
Clay Center,Kansas,1970,4963,7.6
Clay Center,Kansas,1980,4948,-0.3
Clay Center,Kansas,1990,4613,-6.8
Clay Center,Kansas,2000,4564,-1.1
Clay Center,Kansas,2010,4334,-5.0
Clay Center,Kansas,2020,4199,-3.1
Clearwater,Kansas,1890,408,0.0
Clearwater,Kansas,1900,368,-9.8
Clearwater,Kansas,1910,569,54.6
Clearwater,Kansas,1920,647,13.7
Clearwater,Kansas,1930,669,3.4
Clearwater,Kansas,1940,591,-11.7
Clearwater,Kansas,1950,647,9.5
Clearwater,Kansas,1960,1073,65.8
Clearwater,Kansas,1970,1435,33.7
Clearwater,Kansas,1980,1684,17.4
Clearwater,Kansas,1990,1875,11.3
Clearwater,Kansas,2000,2178,16.2
Clearwater,Kansas,2010,2481,13.9
Clearwater,Kansas,2020,2653,6.9
Clifton,Kansas,1880,142,0.0
Clifton,Kansas,1890,622,338.0
Clifton,Kansas,1900,609,-2.1
Clifton,Kansas,1910,614,0.8
Clifton,Kansas,1920,631,2.8
Clifton,Kansas,1930,713,13.0
Clifton,Kansas,1940,670,-6.0
Clifton,Kansas,1950,743,10.9
Clifton,Kansas,1960,746,0.4
Clifton,Kansas,1970,718,-3.8
Clifton,Kansas,1980,695,-3.2
Clifton,Kansas,1990,492,-29.2
Clifton,Kansas,2000,557,13.2
Clifton,Kansas,2010,554,-0.5
Clifton,Kansas,2020,454,-18.1
Climax,Kansas,1930,129,0.0
Climax,Kansas,1940,157,21.7
Climax,Kansas,1950,91,-42.0
Climax,Kansas,1960,81,-11.0
Climax,Kansas,1970,64,-21.0
Climax,Kansas,1980,81,26.6
Climax,Kansas,1990,57,-29.6
Climax,Kansas,2000,64,12.3
Climax,Kansas,2010,72,12.5
Climax,Kansas,2020,45,-37.5
Clyde,Kansas,1880,956,0.0
Clyde,Kansas,1890,1137,18.9
Clyde,Kansas,1900,1157,1.8
Clyde,Kansas,1910,1057,-8.6
Clyde,Kansas,1920,1063,0.6
Clyde,Kansas,1930,1174,10.4
Clyde,Kansas,1940,1060,-9.7
Clyde,Kansas,1950,1067,0.7
Clyde,Kansas,1960,1025,-3.9
Clyde,Kansas,1970,946,-7.7
Clyde,Kansas,1980,909,-3.9
Clyde,Kansas,1990,793,-12.8
Clyde,Kansas,2000,740,-6.7
Clyde,Kansas,2010,716,-3.2
Clyde,Kansas,2020,694,-3.1
Coldwater,Kansas,1890,480,0.0
Coldwater,Kansas,1900,263,-45.2
Coldwater,Kansas,1910,684,160.1
Coldwater,Kansas,1920,1207,76.5
Coldwater,Kansas,1930,1296,7.4
Coldwater,Kansas,1940,1214,-6.3
Coldwater,Kansas,1950,1208,-0.5
Coldwater,Kansas,1960,1164,-3.6
Coldwater,Kansas,1970,1016,-12.7
Coldwater,Kansas,1980,989,-2.7
Coldwater,Kansas,1990,939,-5.1
Coldwater,Kansas,2000,792,-15.7
Coldwater,Kansas,2010,828,4.5
Coldwater,Kansas,2020,687,-17.0
Colony,Kansas,1880,114,0.0
Colony,Kansas,1890,474,315.8
Colony,Kansas,1900,483,1.9
Colony,Kansas,1910,530,9.7
Colony,Kansas,1920,997,88.1
Colony,Kansas,1930,596,-40.2
Colony,Kansas,1940,420,-29.5
Colony,Kansas,1950,386,-8.1
Colony,Kansas,1960,419,8.5
Colony,Kansas,1970,382,-8.8
Colony,Kansas,1980,474,24.1
Colony,Kansas,1990,447,-5.7
Colony,Kansas,2000,397,-11.2
Colony,Kansas,2010,408,2.8
Colony,Kansas,2020,381,-6.6
Conway Springs,Kansas,1890,681,0.0
Conway Springs,Kansas,1900,714,4.8
Conway Springs,Kansas,1910,1292,81.0
Conway Springs,Kansas,1920,1120,-13.3
Conway Springs,Kansas,1930,981,-12.4
Conway Springs,Kansas,1940,849,-13.5
Conway Springs,Kansas,1950,816,-3.9
Conway Springs,Kansas,1960,1057,29.5
Conway Springs,Kansas,1970,1153,9.1
Conway Springs,Kansas,1980,1313,13.9
Conway Springs,Kansas,1990,1384,5.4
Conway Springs,Kansas,2000,1322,-4.5
Conway Springs,Kansas,2010,1272,-3.8
Conway Springs,Kansas,2020,1086,-14.6
Corning,Kansas,1880,63,0.0
Corning,Kansas,1890,291,361.9
Corning,Kansas,1900,425,46.0
Corning,Kansas,1910,411,-3.3
Corning,Kansas,1920,419,1.9
Corning,Kansas,1930,340,-18.9
Corning,Kansas,1940,352,3.5
Corning,Kansas,1950,254,-27.8
Corning,Kansas,1960,240,-5.5
Corning,Kansas,1970,162,-32.5
Corning,Kansas,1980,158,-2.5
Corning,Kansas,1990,142,-10.1
Corning,Kansas,2000,170,19.7
Corning,Kansas,2010,157,-7.6
Corning,Kansas,2020,212,35.0
Cottonwood Falls,Kansas,1880,518,0.0
Cottonwood Falls,Kansas,1890,770,48.6
Cottonwood Falls,Kansas,1900,842,9.4
Cottonwood Falls,Kansas,1910,899,6.8
Cottonwood Falls,Kansas,1920,1044,16.1
Cottonwood Falls,Kansas,1930,963,-7.8
Cottonwood Falls,Kansas,1940,1078,11.9
Cottonwood Falls,Kansas,1950,957,-11.2
Cottonwood Falls,Kansas,1960,971,1.5
Cottonwood Falls,Kansas,1970,987,1.6
Cottonwood Falls,Kansas,1980,954,-3.3
Cottonwood Falls,Kansas,1990,889,-6.8
Cottonwood Falls,Kansas,2000,966,8.7
Cottonwood Falls,Kansas,2010,903,-6.5
Cottonwood Falls,Kansas,2020,851,-5.8
Council Grove,Kansas,1870,712,0.0
Council Grove,Kansas,1880,1042,46.3
Council Grove,Kansas,1890,2211,112.2
Council Grove,Kansas,1900,2265,2.4
Council Grove,Kansas,1910,2545,12.4
Council Grove,Kansas,1920,2857,12.3
Council Grove,Kansas,1930,2898,1.4
Council Grove,Kansas,1940,2875,-0.8
Council Grove,Kansas,1950,2722,-5.3
Council Grove,Kansas,1960,2664,-2.1
Council Grove,Kansas,1970,2403,-9.8
Council Grove,Kansas,1980,2381,-0.9
Council Grove,Kansas,1990,2228,-6.4
Council Grove,Kansas,2000,2321,4.2
Council Grove,Kansas,2010,2182,-6.0
Council Grove,Kansas,2020,2140,-1.9
Coyville,Kansas,1910,227,0.0
Coyville,Kansas,1920,232,2.2
Coyville,Kansas,1930,196,-15.5
Coyville,Kansas,1940,175,-10.7
Coyville,Kansas,1950,106,-39.4
Coyville,Kansas,1960,133,25.5
Coyville,Kansas,1970,93,-30.1
Coyville,Kansas,1980,98,5.4
Coyville,Kansas,1990,78,-20.4
Coyville,Kansas,2000,71,-9.0
Coyville,Kansas,2010,46,-35.2
Coyville,Kansas,2020,60,30.4
Cuba,Kansas,1890,415,0.0
Cuba,Kansas,1900,445,7.2
Cuba,Kansas,1910,466,4.7
Cuba,Kansas,1920,432,-7.3
Cuba,Kansas,1930,403,-6.7
Cuba,Kansas,1940,363,-9.9
Cuba,Kansas,1950,345,-5.0
Cuba,Kansas,1960,336,-2.6
Cuba,Kansas,1970,290,-13.7
Cuba,Kansas,1980,286,-1.4
Cuba,Kansas,1990,242,-15.4
Cuba,Kansas,2000,231,-4.5
Cuba,Kansas,2010,156,-32.5
Cuba,Kansas,2020,140,-10.3
Culver,Kansas,1910,326,0.0
Culver,Kansas,1920,234,-28.2
Culver,Kansas,1930,206,-12.0
Culver,Kansas,1940,195,-5.3
Culver,Kansas,1950,153,-21.5
Culver,Kansas,1960,200,30.7
Culver,Kansas,1970,148,-26.0
Culver,Kansas,1980,167,12.8
Culver,Kansas,1990,162,-3.0
Culver,Kansas,2000,164,1.2
Culver,Kansas,2010,121,-26.2
Culver,Kansas,2020,114,-5.8
Denison,Kansas,1910,295,0.0
Denison,Kansas,1920,240,-18.6
Denison,Kansas,1930,202,-15.8
Denison,Kansas,1940,176,-12.9
Denison,Kansas,1950,166,-5.7
Denison,Kansas,1960,184,10.8
Denison,Kansas,1970,248,34.8
Denison,Kansas,1980,231,-6.9
Denison,Kansas,1990,225,-2.6
Denison,Kansas,2000,231,2.7
Denison,Kansas,2010,187,-19.0
Denison,Kansas,2020,146,-21.9
Dexter,Kansas,1880,146,0.0
Dexter,Kansas,1890,371,154.1
Dexter,Kansas,1900,380,2.4
Dexter,Kansas,1910,512,34.7
Dexter,Kansas,1920,497,-2.9
Dexter,Kansas,1930,484,-2.6
Dexter,Kansas,1940,424,-12.4
Dexter,Kansas,1950,354,-16.5
Dexter,Kansas,1960,291,-17.8
Dexter,Kansas,1970,286,-1.7
Dexter,Kansas,1980,366,28.0
Dexter,Kansas,1990,320,-12.6
Dexter,Kansas,2000,364,13.8
Dexter,Kansas,2010,278,-23.6
Dexter,Kansas,2020,224,-19.4
Dunlap,Kansas,1880,247,0.0
Dunlap,Kansas,1890,408,65.2
Dunlap,Kansas,1900,400,-2.0
Dunlap,Kansas,1910,333,-16.7
Dunlap,Kansas,1920,300,-9.9
Dunlap,Kansas,1930,273,-9.0
Dunlap,Kansas,1940,219,-19.8
Dunlap,Kansas,1950,134,-38.8
Dunlap,Kansas,1960,134,0.0
Dunlap,Kansas,1970,102,-23.9
Dunlap,Kansas,1980,82,-19.6
Dunlap,Kansas,1990,65,-20.7
Dunlap,Kansas,2000,81,24.6
Dunlap,Kansas,2010,30,-63.0
Dunlap,Kansas,2020,27,-10.0
Easton,Kansas,1910,310,0.0
Easton,Kansas,1920,228,-26.5
Easton,Kansas,1930,277,21.5
Easton,Kansas,1940,255,-7.9
Easton,Kansas,1950,255,0.0
Easton,Kansas,1960,320,25.5
Easton,Kansas,1970,435,35.9
Easton,Kansas,1980,460,5.7
Easton,Kansas,1990,405,-12.0
Easton,Kansas,2000,362,-10.6
Easton,Kansas,2010,253,-30.1
Easton,Kansas,2020,213,-15.8
Edmond,Kansas,1920,213,0.0
Edmond,Kansas,1930,197,-7.5
Edmond,Kansas,1940,180,-8.6
Edmond,Kansas,1950,110,-38.9
Edmond,Kansas,1960,91,-17.3
Edmond,Kansas,1970,90,-1.1
Edmond,Kansas,1980,56,-37.8
Edmond,Kansas,1990,37,-33.9
Edmond,Kansas,2000,47,27.0
Edmond,Kansas,2010,49,4.3
Edmond,Kansas,2020,28,-42.9
Edna,Kansas,1880,26,0.0
Edna,Kansas,1890,321,0.0
Edna,Kansas,1900,374,16.5
Edna,Kansas,1910,489,30.7
Edna,Kansas,1920,500,2.2
Edna,Kansas,1930,502,0.4
Edna,Kansas,1940,507,1.0
Edna,Kansas,1950,422,-16.8
Edna,Kansas,1960,442,4.7
Edna,Kansas,1970,418,-5.4
Edna,Kansas,1980,537,28.5
Edna,Kansas,1990,438,-18.4
Edna,Kansas,2000,423,-3.4
Edna,Kansas,2010,442,4.5
Edna,Kansas,2020,388,-12.2
Effingham,Kansas,1880,187,0.0
Effingham,Kansas,1890,361,93.0
Effingham,Kansas,1900,634,75.6
Effingham,Kansas,1910,674,6.3
Effingham,Kansas,1920,616,-8.6
Effingham,Kansas,1930,646,4.9
Effingham,Kansas,1940,676,4.6
Effingham,Kansas,1950,525,-22.3
Effingham,Kansas,1960,564,7.4
Effingham,Kansas,1970,605,7.3
Effingham,Kansas,1980,634,4.8
Effingham,Kansas,1990,540,-14.8
Effingham,Kansas,2000,588,8.9
Effingham,Kansas,2010,546,-7.1
Effingham,Kansas,2020,495,-9.3
Elgin,Kansas,1880,55,0.0
Elgin,Kansas,1920,600,0.0
Elgin,Kansas,1930,446,-25.7
Elgin,Kansas,1940,336,-24.7
Elgin,Kansas,1950,212,-36.9
Elgin,Kansas,1960,143,-32.5
Elgin,Kansas,1970,115,-19.6
Elgin,Kansas,1980,139,20.9
Elgin,Kansas,1990,118,-15.1
Elgin,Kansas,2000,82,-30.5
Elgin,Kansas,2010,89,8.5
Elgin,Kansas,2020,60,-32.6
Elk City,Kansas,1880,383,0.0
Elk City,Kansas,1890,796,107.8
Elk City,Kansas,1900,709,-10.9
Elk City,Kansas,1910,659,-7.1
Elk City,Kansas,1920,725,10.0
Elk City,Kansas,1930,607,-16.3
Elk City,Kansas,1940,680,12.0
Elk City,Kansas,1950,524,-22.9
Elk City,Kansas,1960,498,-5.0
Elk City,Kansas,1970,432,-13.3
Elk City,Kansas,1980,404,-6.5
Elk City,Kansas,1990,334,-17.3
Elk City,Kansas,2000,305,-8.7
Elk City,Kansas,2010,325,6.6
Elk City,Kansas,2020,260,-20.0
Englewood,Kansas,1890,175,0.0
Englewood,Kansas,1900,181,3.4
Englewood,Kansas,1910,518,186.2
Englewood,Kansas,1920,466,-10.0
Englewood,Kansas,1930,477,2.4
Englewood,Kansas,1940,377,-21.0
Englewood,Kansas,1950,341,-9.5
Englewood,Kansas,1960,243,-28.7
Englewood,Kansas,1970,158,-35.0
Englewood,Kansas,1980,111,-29.7
Englewood,Kansas,1990,96,-13.5
Englewood,Kansas,2000,109,13.5
Englewood,Kansas,2010,77,-29.4
Englewood,Kansas,2020,58,-24.7
Erie,Kansas,1870,418,0.0
Erie,Kansas,1880,270,-35.4
Erie,Kansas,1890,1176,335.6
Erie,Kansas,1900,1111,-5.5
Erie,Kansas,1910,1300,17.0
Erie,Kansas,1920,1167,-10.2
Erie,Kansas,1930,1184,1.5
Erie,Kansas,1940,1286,8.6
Erie,Kansas,1950,1296,0.8
Erie,Kansas,1960,1309,1.0
Erie,Kansas,1970,1414,8.0
Erie,Kansas,1980,1415,0.1
Erie,Kansas,1990,1276,-9.8
Erie,Kansas,2000,1211,-5.1
Erie,Kansas,2010,1150,-5.0
Erie,Kansas,2020,1047,-9.0
Eskridge,Kansas,1890,548,0.0
Eskridge,Kansas,1900,612,11.7
Eskridge,Kansas,1910,797,30.2
Eskridge,Kansas,1920,759,-4.8
Eskridge,Kansas,1930,726,-4.3
Eskridge,Kansas,1940,648,-10.7
Eskridge,Kansas,1950,601,-7.3
Eskridge,Kansas,1960,519,-13.6
Eskridge,Kansas,1970,589,13.5
Eskridge,Kansas,1980,603,2.4
Eskridge,Kansas,1990,518,-14.1
Eskridge,Kansas,2000,589,13.7
Eskridge,Kansas,2010,534,-9.3
Eskridge,Kansas,2020,439,-17.8
Eureka,Kansas,1880,1127,0.0
Eureka,Kansas,1890,2259,100.4
Eureka,Kansas,1900,2091,-7.4
Eureka,Kansas,1910,2333,11.6
Eureka,Kansas,1920,2606,11.7
Eureka,Kansas,1930,3698,41.9
Eureka,Kansas,1940,3803,2.8
Eureka,Kansas,1950,3958,4.1
Eureka,Kansas,1960,4055,2.5
Eureka,Kansas,1970,3576,-11.8
Eureka,Kansas,1980,3425,-4.2
Eureka,Kansas,1990,2974,-13.2
Eureka,Kansas,2000,2914,-2.0
Eureka,Kansas,2010,2633,-9.6
Eureka,Kansas,2020,2332,-11.4
Fairview,Kansas,1900,395,0.0
Fairview,Kansas,1910,386,-2.3
Fairview,Kansas,1920,386,0.0
Fairview,Kansas,1930,367,-4.9
Fairview,Kansas,1940,333,-9.3
Fairview,Kansas,1950,336,0.9
Fairview,Kansas,1960,272,-19.0
Fairview,Kansas,1970,283,4.0
Fairview,Kansas,1980,258,-8.8
Fairview,Kansas,1990,306,18.6
Fairview,Kansas,2000,271,-11.4
Fairview,Kansas,2010,260,-4.1
Fairview,Kansas,2020,240,-7.7
Fall River,Kansas,1880,102,0.0
Fall River,Kansas,1890,454,345.1
Fall River,Kansas,1900,371,-18.3
Fall River,Kansas,1910,383,3.2
Fall River,Kansas,1920,376,-1.8
Fall River,Kansas,1930,339,-9.8
Fall River,Kansas,1940,336,-0.9
Fall River,Kansas,1950,261,-22.3
Fall River,Kansas,1960,226,-13.4
Fall River,Kansas,1970,191,-15.5
Fall River,Kansas,1980,173,-9.4
Fall River,Kansas,1990,113,-34.7
Fall River,Kansas,2000,156,38.1
Fall River,Kansas,2010,162,3.8
Fall River,Kansas,2020,131,-19.1
Florence,Kansas,1880,954,0.0
Florence,Kansas,1890,1229,28.8
Florence,Kansas,1900,1178,-4.1
Florence,Kansas,1910,1168,-0.8
Florence,Kansas,1920,1517,29.9
Florence,Kansas,1930,1493,-1.6
Florence,Kansas,1940,1329,-11.0
Florence,Kansas,1950,1009,-24.1
Florence,Kansas,1960,853,-15.5
Florence,Kansas,1970,777,-8.9
Florence,Kansas,1980,729,-6.2
Florence,Kansas,1990,636,-12.8
Florence,Kansas,2000,671,5.5
Florence,Kansas,2010,465,-30.7
Florence,Kansas,2020,394,-15.3
Ford,Kansas,1890,148,0.0
Ford,Kansas,1900,82,-44.6
Ford,Kansas,1910,205,150.0
Ford,Kansas,1920,272,32.7
Ford,Kansas,1930,382,40.4
Ford,Kansas,1940,296,-22.5
Ford,Kansas,1950,244,-17.6
Ford,Kansas,1960,252,3.3
Ford,Kansas,1970,246,-2.4
Ford,Kansas,1980,272,10.6
Ford,Kansas,1990,247,-9.2
Ford,Kansas,2000,314,27.1
Ford,Kansas,2010,216,-31.2
Ford,Kansas,2020,203,-6.0
Galesburg,Kansas,1880,63,0.0
Galesburg,Kansas,1910,183,0.0
Galesburg,Kansas,1920,205,12.0
Galesburg,Kansas,1930,199,-2.9
Galesburg,Kansas,1940,165,-17.1
Galesburg,Kansas,1950,189,14.5
Galesburg,Kansas,1960,128,-32.3
Galesburg,Kansas,1970,146,14.1
Galesburg,Kansas,1980,181,24.0
Galesburg,Kansas,1990,160,-11.6
Galesburg,Kansas,2000,150,-6.2
Galesburg,Kansas,2010,126,-16.0
Galesburg,Kansas,2020,149,18.3
Gas,Kansas,1910,1281,0.0
Gas,Kansas,1920,367,-71.4
Gas,Kansas,1930,326,-11.2
Gas,Kansas,1940,357,9.5
Gas,Kansas,1950,294,-17.6
Gas,Kansas,1960,342,16.3
Gas,Kansas,1970,438,28.1
Gas,Kansas,1980,543,24.0
Gas,Kansas,1990,505,-7.0
Gas,Kansas,2000,556,10.1
Gas,Kansas,2010,564,1.4
Gas,Kansas,2020,475,-15.8
Gaylord,Kansas,1880,231,0.0
Gaylord,Kansas,1890,314,35.9
Gaylord,Kansas,1900,302,-3.8
Gaylord,Kansas,1910,308,2.0
Gaylord,Kansas,1920,356,15.6
Gaylord,Kansas,1930,291,-18.3
Gaylord,Kansas,1940,245,-15.8
Gaylord,Kansas,1950,231,-5.7
Gaylord,Kansas,1960,239,3.5
Gaylord,Kansas,1970,211,-11.7
Gaylord,Kansas,1980,203,-3.8
Gaylord,Kansas,1990,173,-14.8
Gaylord,Kansas,2000,145,-16.2
Gaylord,Kansas,2010,114,-21.4
Gaylord,Kansas,2020,87,-23.7
Geuda Springs,Kansas,1890,355,0.0
Geuda Springs,Kansas,1900,218,-38.6
Geuda Springs,Kansas,1910,254,16.5
Geuda Springs,Kansas,1920,266,4.7
Geuda Springs,Kansas,1930,340,27.8
Geuda Springs,Kansas,1940,275,-19.1
Geuda Springs,Kansas,1950,245,-10.9
Geuda Springs,Kansas,1960,223,-9.0
Geuda Springs,Kansas,1970,223,0.0
Geuda Springs,Kansas,1980,217,-2.7
Geuda Springs,Kansas,1990,219,0.9
Geuda Springs,Kansas,2000,212,-3.2
Geuda Springs,Kansas,2010,185,-12.7
Geuda Springs,Kansas,2020,158,-14.6
Goff,Kansas,1880,29,0.0
Goff,Kansas,1900,365,0.0
Goff,Kansas,1910,422,15.6
Goff,Kansas,1920,398,-5.7
Goff,Kansas,1930,437,9.8
Goff,Kansas,1940,339,-22.4
Goff,Kansas,1950,315,-7.1
Goff,Kansas,1960,259,-17.8
Goff,Kansas,1970,207,-20.1
Goff,Kansas,1980,196,-5.3
Goff,Kansas,1990,156,-20.4
Goff,Kansas,2000,181,16.0
Goff,Kansas,2010,126,-30.4
Goff,Kansas,2020,106,-15.9
Green,Kansas,1910,289,0.0
Green,Kansas,1920,297,2.8
Green,Kansas,1930,293,-1.3
Green,Kansas,1940,246,-16.0
Green,Kansas,1950,219,-11.0
Green,Kansas,1960,190,-13.2
Green,Kansas,1970,163,-14.2
Green,Kansas,1980,155,-4.9
Green,Kansas,1990,150,-3.2
Green,Kansas,2000,147,-2.0
Green,Kansas,2010,128,-12.9
Green,Kansas,2020,95,-25.8
Greenleaf,Kansas,1880,316,0.0
Greenleaf,Kansas,1890,916,189.9
Greenleaf,Kansas,1900,854,-6.8
Greenleaf,Kansas,1910,781,-8.5
Greenleaf,Kansas,1920,778,-0.4
Greenleaf,Kansas,1930,660,-15.2
Greenleaf,Kansas,1940,739,12.0
Greenleaf,Kansas,1950,614,-16.9
Greenleaf,Kansas,1960,562,-8.5
Greenleaf,Kansas,1970,448,-20.3
Greenleaf,Kansas,1980,462,3.1
Greenleaf,Kansas,1990,353,-23.6
Greenleaf,Kansas,2000,357,1.1
Greenleaf,Kansas,2010,331,-7.3
Greenleaf,Kansas,2020,350,5.7
Gridley,Kansas,1920,321,0.0
Gridley,Kansas,1930,434,35.2
Gridley,Kansas,1940,418,-3.7
Gridley,Kansas,1950,360,-13.9
Gridley,Kansas,1960,321,-10.8
Gridley,Kansas,1970,328,2.2
Gridley,Kansas,1980,404,23.2
Gridley,Kansas,1990,356,-11.9
Gridley,Kansas,2000,372,4.5
Gridley,Kansas,2010,341,-8.3
Gridley,Kansas,2020,313,-8.2
Gypsum,Kansas,1890,530,0.0
Gypsum,Kansas,1900,552,4.2
Gypsum,Kansas,1910,623,12.9
Gypsum,Kansas,1920,732,17.5
Gypsum,Kansas,1930,638,-12.8
Gypsum,Kansas,1940,615,-3.6
Gypsum,Kansas,1950,523,-15.0
Gypsum,Kansas,1960,593,13.4
Gypsum,Kansas,1970,391,-34.1
Gypsum,Kansas,1980,423,8.2
Gypsum,Kansas,1990,365,-13.7
Gypsum,Kansas,2000,414,13.4
Gypsum,Kansas,2010,405,-2.2
Gypsum,Kansas,2020,400,-1.2
Haddam,Kansas,1880,93,0.0
Haddam,Kansas,1890,419,350.5
Haddam,Kansas,1900,355,-15.3
Haddam,Kansas,1910,408,14.9
Haddam,Kansas,1920,392,-3.9
Haddam,Kansas,1930,381,-2.8
Haddam,Kansas,1940,384,0.8
Haddam,Kansas,1950,375,-2.3
Haddam,Kansas,1960,311,-17.1
Haddam,Kansas,1970,289,-7.1
Haddam,Kansas,1980,239,-17.3
Haddam,Kansas,1990,195,-18.4
Haddam,Kansas,2000,169,-13.3
Haddam,Kansas,2010,104,-38.5
Haddam,Kansas,2020,110,5.8
Hamilton,Kansas,1890,206,0.0
Hamilton,Kansas,1910,325,0.0
Hamilton,Kansas,1920,398,22.5
Hamilton,Kansas,1930,549,37.9
Hamilton,Kansas,1940,519,-5.5
Hamilton,Kansas,1950,456,-12.1
Hamilton,Kansas,1960,400,-12.3
Hamilton,Kansas,1970,349,-12.7
Hamilton,Kansas,1980,363,4.0
Hamilton,Kansas,1990,301,-17.1
Hamilton,Kansas,2000,334,11.0
Hamilton,Kansas,2010,268,-19.8
Hamilton,Kansas,2020,182,-32.1
Hanover,Kansas,1880,578,0.0
Hanover,Kansas,1890,903,56.2
Hanover,Kansas,1900,987,9.3
Hanover,Kansas,1910,1039,5.3
Hanover,Kansas,1920,947,-8.9
Hanover,Kansas,1930,880,-7.1
Hanover,Kansas,1940,896,1.8
Hanover,Kansas,1950,854,-4.7
Hanover,Kansas,1960,773,-9.5
Hanover,Kansas,1970,793,2.6
Hanover,Kansas,1980,802,1.1
Hanover,Kansas,1990,696,-13.2
Hanover,Kansas,2000,653,-6.2
Hanover,Kansas,2010,682,4.4
Hanover,Kansas,2020,690,1.2
Hardtner,Kansas,1920,385,0.0
Hardtner,Kansas,1930,341,-11.4
Hardtner,Kansas,1940,313,-8.2
Hardtner,Kansas,1950,373,19.2
Hardtner,Kansas,1960,372,-0.3
Hardtner,Kansas,1970,300,-19.4
Hardtner,Kansas,1980,336,12.0
Hardtner,Kansas,1990,198,-41.1
Hardtner,Kansas,2000,199,0.5
Hardtner,Kansas,2010,172,-13.6
Hardtner,Kansas,2020,167,-2.9
Harper,Kansas,1890,1579,0.0
Harper,Kansas,1900,1151,-27.1
Harper,Kansas,1910,1638,42.3
Harper,Kansas,1920,1770,8.1
Harper,Kansas,1930,1485,-16.1
Harper,Kansas,1940,1695,14.1
Harper,Kansas,1950,1672,-1.4
Harper,Kansas,1960,1899,13.6
Harper,Kansas,1970,1665,-12.3
Harper,Kansas,1980,1823,9.5
Harper,Kansas,1990,1735,-4.8
Harper,Kansas,2000,1567,-9.7
Harper,Kansas,2010,1473,-6.0
Harper,Kansas,2020,1313,-10.9
Hartford,Kansas,1890,441,0.0
Hartford,Kansas,1900,553,25.4
Hartford,Kansas,1910,589,6.5
Hartford,Kansas,1920,575,-2.4
Hartford,Kansas,1930,516,-10.3
Hartford,Kansas,1940,491,-4.8
Hartford,Kansas,1950,395,-19.6
Hartford,Kansas,1960,337,-14.7
Hartford,Kansas,1970,478,41.8
Hartford,Kansas,1980,551,15.3
Hartford,Kansas,1990,541,-1.8
Hartford,Kansas,2000,500,-7.6
Hartford,Kansas,2010,371,-25.8
Hartford,Kansas,2020,355,-4.3
Harveyville,Kansas,1910,331,0.0
Harveyville,Kansas,1920,333,0.6
Harveyville,Kansas,1930,321,-3.6
Harveyville,Kansas,1940,302,-5.9
Harveyville,Kansas,1950,236,-21.9
Harveyville,Kansas,1960,204,-13.6
Harveyville,Kansas,1970,279,36.8
Harveyville,Kansas,1980,280,0.4
Harveyville,Kansas,1990,267,-4.6
Harveyville,Kansas,2000,267,0.0
Harveyville,Kansas,2010,236,-11.6
Harveyville,Kansas,2020,178,-24.6
Havensville,Kansas,1880,180,0.0
Havensville,Kansas,1900,437,0.0
Havensville,Kansas,1910,412,-5.7
Havensville,Kansas,1920,333,-19.2
Havensville,Kansas,1930,263,-21.0
Havensville,Kansas,1940,232,-11.8
Havensville,Kansas,1950,208,-10.3
Havensville,Kansas,1960,166,-20.2
Havensville,Kansas,1970,163,-1.8
Havensville,Kansas,1980,183,12.3
Havensville,Kansas,1990,135,-26.2
Havensville,Kansas,2000,146,8.1
Havensville,Kansas,2010,133,-8.9
Havensville,Kansas,2020,119,-10.5
Hazelton,Kansas,1890,319,0.0
Hazelton,Kansas,1900,143,-55.2
Hazelton,Kansas,1910,315,120.3
Hazelton,Kansas,1920,281,-10.8
Hazelton,Kansas,1930,299,6.4
Hazelton,Kansas,1940,260,-13.0
Hazelton,Kansas,1950,250,-3.8
Hazelton,Kansas,1960,246,-1.6
Hazelton,Kansas,1970,176,-28.5
Hazelton,Kansas,1980,143,-18.7
Hazelton,Kansas,1990,128,-10.5
Hazelton,Kansas,2000,144,12.5
Hazelton,Kansas,2010,93,-35.4
Hazelton,Kansas,2020,82,-11.8
Hepler,Kansas,1880,100,0.0
Hepler,Kansas,1890,269,169.0
Hepler,Kansas,1900,215,-20.1
Hepler,Kansas,1910,276,28.4
Hepler,Kansas,1920,241,-12.7
Hepler,Kansas,1930,210,-12.9
Hepler,Kansas,1940,259,23.3
Hepler,Kansas,1950,224,-13.5
Hepler,Kansas,1960,178,-20.5
Hepler,Kansas,1970,152,-14.6
Hepler,Kansas,1980,165,8.6
Hepler,Kansas,1990,150,-9.1
Hepler,Kansas,2000,154,2.7
Hepler,Kansas,2010,132,-14.3
Hepler,Kansas,2020,90,-31.8
Hill City,Kansas,1890,545,0.0
Hill City,Kansas,1900,468,-14.1
Hill City,Kansas,1910,983,110.0
Hill City,Kansas,1920,732,-25.5
Hill City,Kansas,1930,1027,40.3
Hill City,Kansas,1940,1115,8.6
Hill City,Kansas,1950,1432,28.4
Hill City,Kansas,1960,2421,69.1
Hill City,Kansas,1970,2071,-14.5
Hill City,Kansas,1980,2028,-2.1
Hill City,Kansas,1990,1835,-9.5
Hill City,Kansas,2000,1604,-12.6
Hill City,Kansas,2010,1474,-8.1
Hill City,Kansas,2020,1403,-4.8
Hillsboro,Kansas,1880,133,0.0
Hillsboro,Kansas,1890,555,317.3
Hillsboro,Kansas,1900,754,35.9
Hillsboro,Kansas,1910,1134,50.4
Hillsboro,Kansas,1920,1451,28.0
Hillsboro,Kansas,1930,1458,0.5
Hillsboro,Kansas,1940,1580,8.4
Hillsboro,Kansas,1950,2150,36.1
Hillsboro,Kansas,1960,2441,13.5
Hillsboro,Kansas,1970,2730,11.8
Hillsboro,Kansas,1980,2717,-0.5
Hillsboro,Kansas,1990,2704,-0.5
Hillsboro,Kansas,2000,2854,5.5
Hillsboro,Kansas,2010,2993,4.9
Hillsboro,Kansas,2020,2732,-8.7
Holton,Kansas,1890,2727,0.0
Holton,Kansas,1900,3082,13.0
Holton,Kansas,1910,2842,-7.8
Holton,Kansas,1920,2703,-4.9
Holton,Kansas,1930,2705,0.1
Holton,Kansas,1940,2885,6.7
Holton,Kansas,1950,2705,-6.2
Holton,Kansas,1960,3028,11.9
Holton,Kansas,1970,3063,1.2
Holton,Kansas,1980,3132,2.3
Holton,Kansas,1990,3196,2.0
Holton,Kansas,2000,3353,4.9
Holton,Kansas,2010,3329,-0.7
Holton,Kansas,2020,3401,2.2
Holyrood,Kansas,1910,361,0.0
Holyrood,Kansas,1920,421,16.6
Holyrood,Kansas,1930,432,2.6
Holyrood,Kansas,1940,559,29.4
Holyrood,Kansas,1950,748,33.8
Holyrood,Kansas,1960,737,-1.5
Holyrood,Kansas,1970,593,-19.5
Holyrood,Kansas,1980,567,-4.4
Holyrood,Kansas,1990,492,-13.2
Holyrood,Kansas,2000,464,-5.7
Holyrood,Kansas,2010,447,-3.7
Holyrood,Kansas,2020,403,-9.8
Horton,Kansas,1890,3316,0.0
Horton,Kansas,1900,3398,2.5
Horton,Kansas,1910,3600,5.9
Horton,Kansas,1920,4009,11.4
Horton,Kansas,1930,4049,1.0
Horton,Kansas,1940,2872,-29.1
Horton,Kansas,1950,2354,-18.0
Horton,Kansas,1960,2361,0.3
Horton,Kansas,1970,2177,-7.8
Horton,Kansas,1980,2130,-2.2
Horton,Kansas,1990,1885,-11.5
Horton,Kansas,2000,1967,4.4
Horton,Kansas,2010,1776,-9.7
Horton,Kansas,2020,1523,-14.2
Howard,Kansas,1880,683,0.0
Howard,Kansas,1890,1015,48.6
Howard,Kansas,1900,1207,18.9
Howard,Kansas,1910,1163,-3.6
Howard,Kansas,1920,1060,-8.9
Howard,Kansas,1930,1069,0.8
Howard,Kansas,1940,1170,9.4
Howard,Kansas,1950,1149,-1.8
Howard,Kansas,1960,1017,-11.5
Howard,Kansas,1970,918,-9.7
Howard,Kansas,1980,965,5.1
Howard,Kansas,1990,815,-15.5
Howard,Kansas,2000,808,-0.9
Howard,Kansas,2010,687,-15.0
Howard,Kansas,2020,570,-17.0
Hoxie,Kansas,1890,245,0.0
Hoxie,Kansas,1900,250,2.0
Hoxie,Kansas,1910,532,112.8
Hoxie,Kansas,1920,616,15.8
Hoxie,Kansas,1930,800,29.9
Hoxie,Kansas,1940,957,19.6
Hoxie,Kansas,1950,1157,20.9
Hoxie,Kansas,1960,1289,11.4
Hoxie,Kansas,1970,1419,10.1
Hoxie,Kansas,1980,1462,3.0
Hoxie,Kansas,1990,1342,-8.2
Hoxie,Kansas,2000,1244,-7.3
Hoxie,Kansas,2010,1201,-3.5
Hoxie,Kansas,2020,1211,0.8
Hoyt,Kansas,1920,282,0.0
Hoyt,Kansas,1930,228,-19.1
Hoyt,Kansas,1940,238,4.4
Hoyt,Kansas,1950,246,3.4
Hoyt,Kansas,1960,283,15.0
Hoyt,Kansas,1970,420,48.4
Hoyt,Kansas,1980,536,27.6
Hoyt,Kansas,1990,489,-8.8
Hoyt,Kansas,2000,571,16.8
Hoyt,Kansas,2010,669,17.2
Hoyt,Kansas,2020,593,-11.4
Hudson,Kansas,1910,253,0.0
Hudson,Kansas,1920,235,-7.1
Hudson,Kansas,1930,197,-16.2
Hudson,Kansas,1940,221,12.2
Hudson,Kansas,1950,194,-12.2
Hudson,Kansas,1960,201,3.6
Hudson,Kansas,1970,181,-10.0
Hudson,Kansas,1980,157,-13.3
Hudson,Kansas,1990,159,1.3
Hudson,Kansas,2000,133,-16.4
Hudson,Kansas,2010,129,-3.0
Hudson,Kansas,2020,95,-26.4
Iola,Kansas,1880,1096,0.0
Iola,Kansas,1890,1706,55.7
Iola,Kansas,1900,5791,239.4
Iola,Kansas,1910,9032,56.0
Iola,Kansas,1920,8513,-5.7
Iola,Kansas,1930,7160,-15.9
Iola,Kansas,1940,7244,1.2
Iola,Kansas,1950,7094,-2.1
Iola,Kansas,1960,6885,-2.9
Iola,Kansas,1970,6493,-5.7
Iola,Kansas,1980,6938,6.9
Iola,Kansas,1990,6351,-8.5
Iola,Kansas,2000,6302,-0.8
Iola,Kansas,2010,5704,-9.5
Iola,Kansas,2020,5396,-5.4
Iuka,Kansas,1910,228,0.0
Iuka,Kansas,1920,198,-13.2
Iuka,Kansas,1930,185,-6.6
Iuka,Kansas,1940,183,-1.1
Iuka,Kansas,1950,129,-29.5
Iuka,Kansas,1960,225,74.4
Iuka,Kansas,1970,210,-6.7
Iuka,Kansas,1980,235,11.9
Iuka,Kansas,1990,197,-16.2
Iuka,Kansas,2000,185,-6.1
Iuka,Kansas,2010,163,-11.9
Iuka,Kansas,2020,151,-7.4
Jamestown,Kansas,1880,101,0.0
Jamestown,Kansas,1890,372,268.3
Jamestown,Kansas,1900,400,7.5
Jamestown,Kansas,1910,462,15.5
Jamestown,Kansas,1920,495,7.1
Jamestown,Kansas,1930,507,2.4
Jamestown,Kansas,1940,490,-3.4
Jamestown,Kansas,1950,494,0.8
Jamestown,Kansas,1960,422,-14.6
Jamestown,Kansas,1970,470,11.4
Jamestown,Kansas,1980,440,-6.4
Jamestown,Kansas,1990,325,-26.1
Jamestown,Kansas,2000,399,22.8
Jamestown,Kansas,2010,286,-28.3
Jamestown,Kansas,2020,237,-17.1
Jewell,Kansas,1880,372,0.0
Jewell,Kansas,1890,702,88.7
Jewell,Kansas,1900,736,4.8
Jewell,Kansas,1910,839,14.0
Jewell,Kansas,1920,805,-4.1
Jewell,Kansas,1930,707,-12.2
Jewell,Kansas,1940,669,-5.4
Jewell,Kansas,1950,593,-11.4
Jewell,Kansas,1960,582,-1.9
Jewell,Kansas,1970,569,-2.2
Jewell,Kansas,1980,589,3.5
Jewell,Kansas,1990,529,-10.2
Jewell,Kansas,2000,483,-8.7
Jewell,Kansas,2010,432,-10.6
Jewell,Kansas,2020,370,-14.4
Kincaid,Kansas,1890,284,0.0
Kincaid,Kansas,1900,364,28.2
Kincaid,Kansas,1910,426,17.0
Kincaid,Kansas,1920,443,4.0
Kincaid,Kansas,1930,380,-14.2
Kincaid,Kansas,1940,401,5.5
Kincaid,Kansas,1950,309,-22.9
Kincaid,Kansas,1960,220,-28.8
Kincaid,Kansas,1970,189,-14.1
Kincaid,Kansas,1980,192,1.6
Kincaid,Kansas,1990,170,-11.5
Kincaid,Kansas,2000,178,4.7
Kincaid,Kansas,2010,122,-31.5
Kincaid,Kansas,2020,103,-15.6
Kiowa,Kansas,1880,42,0.0
Kiowa,Kansas,1890,893,0.0
Kiowa,Kansas,1900,765,-14.3
Kiowa,Kansas,1910,1520,98.7
Kiowa,Kansas,1920,1539,1.3
Kiowa,Kansas,1930,1501,-2.5
Kiowa,Kansas,1940,1379,-8.1
Kiowa,Kansas,1950,1561,13.2
Kiowa,Kansas,1960,1674,7.2
Kiowa,Kansas,1970,1414,-15.5
Kiowa,Kansas,1980,1409,-0.4
Kiowa,Kansas,1990,1160,-17.7
Kiowa,Kansas,2000,1055,-9.1
Kiowa,Kansas,2010,1026,-2.7
Kiowa,Kansas,2020,902,-12.1
Kirwin,Kansas,1880,807,0.0
Kirwin,Kansas,1890,689,-14.6
Kirwin,Kansas,1900,586,-14.9
Kirwin,Kansas,1910,626,6.8
Kirwin,Kansas,1920,553,-11.7
Kirwin,Kansas,1930,500,-9.6
Kirwin,Kansas,1940,392,-21.6
Kirwin,Kansas,1950,374,-4.6
Kirwin,Kansas,1960,356,-4.8
Kirwin,Kansas,1970,293,-17.7
Kirwin,Kansas,1980,249,-15.0
Kirwin,Kansas,1990,269,8.0
Kirwin,Kansas,2000,229,-14.9
Kirwin,Kansas,2010,171,-25.3
Kirwin,Kansas,2020,139,-18.7
La Harpe,Kansas,1900,610,0.0
La Harpe,Kansas,1910,2080,241.0
La Harpe,Kansas,1920,1001,-51.9
La Harpe,Kansas,1930,756,-24.5
La Harpe,Kansas,1940,624,-17.5
La Harpe,Kansas,1950,511,-18.1
La Harpe,Kansas,1960,529,3.5
La Harpe,Kansas,1970,509,-3.8
La Harpe,Kansas,1980,687,35.0
La Harpe,Kansas,1990,650,-5.4
La Harpe,Kansas,2000,706,8.6
La Harpe,Kansas,2010,578,-18.1
La Harpe,Kansas,2020,480,-17.0
Labette,Kansas,1920,207,0.0
Labette,Kansas,1930,141,-31.9
Labette,Kansas,1940,140,-0.7
Labette,Kansas,1950,145,3.6
Labette,Kansas,1960,114,-21.4
Labette,Kansas,1970,105,-7.9
Labette,Kansas,1980,123,17.1
Labette,Kansas,1990,74,-39.8
Labette,Kansas,2000,68,-8.1
Labette,Kansas,2010,78,14.7
Labette,Kansas,2020,50,-35.9
Latham,Kansas,1890,268,0.0
Latham,Kansas,1910,364,0.0
Latham,Kansas,1920,334,-8.2
Latham,Kansas,1930,291,-12.9
Latham,Kansas,1940,307,5.5
Latham,Kansas,1950,218,-29.0
Latham,Kansas,1960,203,-6.9
Latham,Kansas,1970,156,-23.2
Latham,Kansas,1980,148,-5.1
Latham,Kansas,1990,160,8.1
Latham,Kansas,2000,164,2.5
Latham,Kansas,2010,139,-15.2
Latham,Kansas,2020,96,-30.9
LeRoy,Kansas,1860,222,0.0
LeRoy,Kansas,1870,410,84.7
LeRoy,Kansas,1880,545,32.9
LeRoy,Kansas,1890,893,63.9
LeRoy,Kansas,1900,772,-13.5
LeRoy,Kansas,1910,861,11.5
LeRoy,Kansas,1920,815,-5.3
LeRoy,Kansas,1930,788,-3.3
LeRoy,Kansas,1940,751,-4.7
LeRoy,Kansas,1950,695,-7.5
LeRoy,Kansas,1960,601,-13.5
LeRoy,Kansas,1970,551,-8.3
LeRoy,Kansas,1980,701,27.2
LeRoy,Kansas,1990,568,-19.0
LeRoy,Kansas,2000,593,4.4
LeRoy,Kansas,2010,561,-5.4
LeRoy,Kansas,2020,451,-19.6
Lehigh,Kansas,1910,385,0.0
Lehigh,Kansas,1920,570,48.1
Lehigh,Kansas,1930,315,-44.7
Lehigh,Kansas,1940,296,-6.0
Lehigh,Kansas,1950,240,-18.9
Lehigh,Kansas,1960,178,-25.8
Lehigh,Kansas,1970,168,-5.6
Lehigh,Kansas,1980,189,12.5
Lehigh,Kansas,1990,180,-4.8
Lehigh,Kansas,2000,215,19.4
Lehigh,Kansas,2010,175,-18.6
Lehigh,Kansas,2020,161,-8.0
Lenora,Kansas,1880,34,0.0
Lenora,Kansas,1890,231,579.4
Lenora,Kansas,1900,247,6.9
Lenora,Kansas,1910,454,83.8
Lenora,Kansas,1920,520,14.5
Lenora,Kansas,1930,519,-0.2
Lenora,Kansas,1940,537,3.5
Lenora,Kansas,1950,511,-4.8
Lenora,Kansas,1960,512,0.2
Lenora,Kansas,1970,439,-14.3
Lenora,Kansas,1980,444,1.1
Lenora,Kansas,1990,329,-25.9
Lenora,Kansas,2000,306,-7.0
Lenora,Kansas,2010,250,-18.3
Lenora,Kansas,2020,207,-17.2
Leon,Kansas,1880,113,0.0
Leon,Kansas,1890,456,303.5
Leon,Kansas,1900,527,15.6
Leon,Kansas,1910,494,-6.3
Leon,Kansas,1920,427,-13.6
Leon,Kansas,1930,587,37.5
Leon,Kansas,1940,573,-2.4
Leon,Kansas,1950,518,-9.6
Leon,Kansas,1960,541,4.4
Leon,Kansas,1970,510,-5.7
Leon,Kansas,1980,667,30.8
Leon,Kansas,1990,707,6.0
Leon,Kansas,2000,645,-8.8
Leon,Kansas,2010,704,9.1
Leon,Kansas,2020,669,-5.0
Leonardville,Kansas,1890,410,0.0
Leonardville,Kansas,1900,335,-18.3
Leonardville,Kansas,1910,376,12.2
Leonardville,Kansas,1920,325,-13.6
Leonardville,Kansas,1930,392,20.6
Leonardville,Kansas,1940,342,-12.8
Leonardville,Kansas,1950,320,-6.4
Leonardville,Kansas,1960,378,18.1
Leonardville,Kansas,1970,412,9.0
Leonardville,Kansas,1980,437,6.1
Leonardville,Kansas,1990,374,-14.4
Leonardville,Kansas,2000,398,6.4
Leonardville,Kansas,2010,449,12.8
Leonardville,Kansas,2020,432,-3.8
Lindsborg,Kansas,1880,466,0.0
Lindsborg,Kansas,1890,968,107.7
Lindsborg,Kansas,1900,1279,32.1
Lindsborg,Kansas,1910,1939,51.6
Lindsborg,Kansas,1920,1897,-2.2
Lindsborg,Kansas,1930,2016,6.3
Lindsborg,Kansas,1940,1913,-5.1
Lindsborg,Kansas,1950,2383,24.6
Lindsborg,Kansas,1960,2609,9.5
Lindsborg,Kansas,1970,2764,5.9
Lindsborg,Kansas,1980,3155,14.1
Lindsborg,Kansas,1990,3076,-2.5
Lindsborg,Kansas,2000,3321,8.0
Lindsborg,Kansas,2010,3458,4.1
Lindsborg,Kansas,2020,3776,9.2
Linn,Kansas,1920,282,0.0
Linn,Kansas,1930,340,20.6
Linn,Kansas,1940,395,16.2
Linn,Kansas,1950,395,0.0
Linn,Kansas,1960,466,18.0
Linn,Kansas,1970,388,-16.7
Linn,Kansas,1980,483,24.5
Linn,Kansas,1990,472,-2.3
Linn,Kansas,2000,425,-10.0
Linn,Kansas,2010,410,-3.5
Linn,Kansas,2020,387,-5.6
Little River,Kansas,1890,340,0.0
Little River,Kansas,1900,457,34.4
Little River,Kansas,1910,661,44.6
Little River,Kansas,1920,749,13.3
Little River,Kansas,1930,618,-17.5
Little River,Kansas,1940,603,-2.4
Little River,Kansas,1950,635,5.3
Little River,Kansas,1960,552,-13.1
Little River,Kansas,1970,493,-10.7
Little River,Kansas,1980,529,7.3
Little River,Kansas,1990,496,-6.2
Little River,Kansas,2000,536,8.1
Little River,Kansas,2010,557,3.9
Little River,Kansas,2020,472,-15.3
Logan,Kansas,1880,275,0.0
Logan,Kansas,1890,390,41.8
Logan,Kansas,1900,449,15.1
Logan,Kansas,1910,714,59.0
Logan,Kansas,1920,585,-18.1
Logan,Kansas,1930,743,27.0
Logan,Kansas,1940,703,-5.4
Logan,Kansas,1950,859,22.2
Logan,Kansas,1960,846,-1.5
Logan,Kansas,1970,760,-10.2
Logan,Kansas,1980,720,-5.3
Logan,Kansas,1990,633,-12.1
Logan,Kansas,2000,603,-4.7
Logan,Kansas,2010,589,-2.3
Logan,Kansas,2020,460,-21.9
Lone Elm,Kansas,1930,131,0.0
Lone Elm,Kansas,1940,97,-26.0
Lone Elm,Kansas,1950,82,-15.5
Lone Elm,Kansas,1960,69,-15.9
Lone Elm,Kansas,1970,66,-4.3
Lone Elm,Kansas,1980,55,-16.7
Lone Elm,Kansas,1990,32,-41.8
Lone Elm,Kansas,2000,27,-15.6
Lone Elm,Kansas,2010,25,-7.4
Lone Elm,Kansas,2020,27,8.0
Lorraine,Kansas,1930,177,0.0
Lorraine,Kansas,1940,236,33.3
Lorraine,Kansas,1950,195,-17.4
Lorraine,Kansas,1960,157,-19.5
Lorraine,Kansas,1970,153,-2.5
Lorraine,Kansas,1980,157,2.6
Lorraine,Kansas,1990,147,-6.4
Lorraine,Kansas,2000,136,-7.5
Lorraine,Kansas,2010,138,1.5
Lorraine,Kansas,2020,137,-0.7
Lucas,Kansas,1900,277,0.0
Lucas,Kansas,1910,573,106.9
Lucas,Kansas,1920,651,13.6
Lucas,Kansas,1930,630,-3.2
Lucas,Kansas,1940,648,2.9
Lucas,Kansas,1950,631,-2.6
Lucas,Kansas,1960,559,-11.4
Lucas,Kansas,1970,524,-6.3
Lucas,Kansas,1980,524,0.0
Lucas,Kansas,1990,452,-13.7
Lucas,Kansas,2000,436,-3.5
Lucas,Kansas,2010,393,-9.9
Lucas,Kansas,2020,332,-15.5
Luray,Kansas,1910,341,0.0
Luray,Kansas,1920,475,39.3
Luray,Kansas,1930,464,-2.3
Luray,Kansas,1940,392,-15.5
Luray,Kansas,1950,351,-10.5
Luray,Kansas,1960,328,-6.6
Luray,Kansas,1970,303,-7.6
Luray,Kansas,1980,295,-2.6
Luray,Kansas,1990,261,-11.5
Luray,Kansas,2000,203,-22.2
Luray,Kansas,2010,194,-4.4
Luray,Kansas,2020,166,-14.4
Lyndon,Kansas,1890,935,0.0
Lyndon,Kansas,1900,1004,7.4
Lyndon,Kansas,1910,763,-24.0
Lyndon,Kansas,1920,732,-4.1
Lyndon,Kansas,1930,742,1.4
Lyndon,Kansas,1940,751,1.2
Lyndon,Kansas,1950,729,-2.9
Lyndon,Kansas,1960,953,30.7
Lyndon,Kansas,1970,958,0.5
Lyndon,Kansas,1980,1132,18.2
Lyndon,Kansas,1990,964,-14.8
Lyndon,Kansas,2000,1038,7.7
Lyndon,Kansas,2010,1052,1.3
Lyndon,Kansas,2020,1037,-1.4
Madison,Kansas,1880,123,0.0
Madison,Kansas,1890,623,406.5
Madison,Kansas,1900,683,9.6
Madison,Kansas,1910,721,5.6
Madison,Kansas,1920,795,10.3
Madison,Kansas,1930,1488,87.2
Madison,Kansas,1940,1198,-19.5
Madison,Kansas,1950,1212,1.2
Madison,Kansas,1960,1105,-8.8
Madison,Kansas,1970,1061,-4.0
Madison,Kansas,1980,1099,3.6
Madison,Kansas,1990,845,-23.1
Madison,Kansas,2000,857,1.4
Madison,Kansas,2010,701,-18.2
Madison,Kansas,2020,689,-1.7
Mahaska,Kansas,1910,246,0.0
Mahaska,Kansas,1920,210,-14.6
Mahaska,Kansas,1930,218,3.8
Mahaska,Kansas,1940,195,-10.6
Mahaska,Kansas,1950,179,-8.2
Mahaska,Kansas,1960,160,-10.6
Mahaska,Kansas,1970,122,-23.7
Mahaska,Kansas,1980,119,-2.5
Mahaska,Kansas,1990,98,-17.6
Mahaska,Kansas,2000,107,9.2
Mahaska,Kansas,2010,83,-22.4
Mahaska,Kansas,2020,46,-44.6
Manchester,Kansas,1910,250,0.0
Manchester,Kansas,1920,263,5.2
Manchester,Kansas,1930,241,-8.4
Manchester,Kansas,1940,215,-10.8
Manchester,Kansas,1950,151,-29.8
Manchester,Kansas,1960,153,1.3
Manchester,Kansas,1970,92,-39.9
Manchester,Kansas,1980,98,6.5
Manchester,Kansas,1990,80,-18.4
Manchester,Kansas,2000,102,27.5
Manchester,Kansas,2010,95,-6.9
Manchester,Kansas,2020,47,-50.5
Mankato,Kansas,1880,506,0.0
Mankato,Kansas,1890,800,58.1
Mankato,Kansas,1900,890,11.3
Mankato,Kansas,1910,1155,29.8
Mankato,Kansas,1920,1326,14.8
Mankato,Kansas,1930,1404,5.9
Mankato,Kansas,1940,1426,1.6
Mankato,Kansas,1950,1462,2.5
Mankato,Kansas,1960,1231,-15.8
Mankato,Kansas,1970,1287,4.5
Mankato,Kansas,1980,1205,-6.4
Mankato,Kansas,1990,1037,-13.9
Mankato,Kansas,2000,976,-5.9
Mankato,Kansas,2010,869,-11.0
Mankato,Kansas,2020,836,-3.8
Mapleton,Kansas,1880,53,0.0
Mapleton,Kansas,1890,175,230.2
Mapleton,Kansas,1910,230,0.0
Mapleton,Kansas,1920,230,0.0
Mapleton,Kansas,1930,251,9.1
Mapleton,Kansas,1940,226,-10.0
Mapleton,Kansas,1950,213,-5.8
Mapleton,Kansas,1960,127,-40.4
Mapleton,Kansas,1970,112,-11.8
Mapleton,Kansas,1980,121,8.0
Mapleton,Kansas,1990,96,-20.7
Mapleton,Kansas,2000,98,2.1
Mapleton,Kansas,2010,84,-14.3
Mapleton,Kansas,2020,96,14.3
Marion,Kansas,1880,857,0.0
Marion,Kansas,1890,2047,138.9
Marion,Kansas,1900,1824,-10.9
Marion,Kansas,1910,1841,0.9
Marion,Kansas,1920,1928,4.7
Marion,Kansas,1930,1959,1.6
Marion,Kansas,1940,2086,6.5
Marion,Kansas,1950,2050,-1.7
Marion,Kansas,1960,2169,5.8
Marion,Kansas,1970,2052,-5.4
Marion,Kansas,1980,1951,-4.9
Marion,Kansas,1990,1906,-2.3
Marion,Kansas,2000,2110,10.7
Marion,Kansas,2010,1927,-8.7
Marion,Kansas,2020,1922,-0.3
Marquette,Kansas,1890,367,0.0
Marquette,Kansas,1900,489,33.2
Marquette,Kansas,1910,715,46.2
Marquette,Kansas,1920,780,9.1
Marquette,Kansas,1930,714,-8.5
Marquette,Kansas,1940,609,-14.7
Marquette,Kansas,1950,666,9.4
Marquette,Kansas,1960,607,-8.9
Marquette,Kansas,1970,578,-4.8
Marquette,Kansas,1980,639,10.6
Marquette,Kansas,1990,593,-7.2
Marquette,Kansas,2000,542,-8.6
Marquette,Kansas,2010,641,18.3
Marquette,Kansas,2020,599,-6.6
Mayetta,Kansas,1910,337,0.0
Mayetta,Kansas,1920,309,-8.3
Mayetta,Kansas,1930,294,-4.9
Mayetta,Kansas,1940,275,-6.5
Mayetta,Kansas,1950,247,-10.2
Mayetta,Kansas,1960,218,-11.7
Mayetta,Kansas,1970,246,12.8
Mayetta,Kansas,1980,287,16.7
Mayetta,Kansas,1990,267,-7.0
Mayetta,Kansas,2000,312,16.9
Mayetta,Kansas,2010,341,9.3
Mayetta,Kansas,2020,348,2.1
McCune,Kansas,1880,170,0.0
McCune,Kansas,1890,700,311.8
McCune,Kansas,1900,657,-6.1
McCune,Kansas,1910,736,12.0
McCune,Kansas,1920,591,-19.7
McCune,Kansas,1930,584,-1.2
McCune,Kansas,1940,556,-4.8
McCune,Kansas,1950,532,-4.3
McCune,Kansas,1960,433,-18.6
McCune,Kansas,1970,487,12.5
McCune,Kansas,1980,528,8.4
McCune,Kansas,1990,462,-12.5
McCune,Kansas,2000,426,-7.8
McCune,Kansas,2010,405,-4.9
McCune,Kansas,2020,370,-8.6
McFarland,Kansas,1910,388,0.0
McFarland,Kansas,1920,579,49.2
McFarland,Kansas,1930,399,-31.1
McFarland,Kansas,1940,336,-15.8
McFarland,Kansas,1950,279,-17.0
McFarland,Kansas,1960,256,-8.2
McFarland,Kansas,1970,209,-18.4
McFarland,Kansas,1980,242,15.8
McFarland,Kansas,1990,224,-7.4
McFarland,Kansas,2000,271,21.0
McFarland,Kansas,2010,256,-5.5
McFarland,Kansas,2020,272,6.3
McLouth,Kansas,1890,311,0.0
McLouth,Kansas,1900,529,70.1
McLouth,Kansas,1910,571,7.9
McLouth,Kansas,1920,575,0.7
McLouth,Kansas,1930,517,-10.1
McLouth,Kansas,1940,515,-0.4
McLouth,Kansas,1950,477,-7.4
McLouth,Kansas,1960,402,-15.7
McLouth,Kansas,1970,472,17.4
McLouth,Kansas,1980,700,48.3
McLouth,Kansas,1990,719,2.7
McLouth,Kansas,2000,868,20.7
McLouth,Kansas,2010,880,1.4
McLouth,Kansas,2020,859,-2.4
Menlo,Kansas,1930,204,0.0
Menlo,Kansas,1940,144,-29.4
Menlo,Kansas,1950,113,-21.5
Menlo,Kansas,1960,99,-12.4
Menlo,Kansas,1970,48,-51.5
Menlo,Kansas,1980,42,-12.5
Menlo,Kansas,1990,50,19.0
Menlo,Kansas,2000,57,14.0
Menlo,Kansas,2010,61,7.0
Menlo,Kansas,2020,33,-45.9
Meriden,Kansas,1880,103,0.0
Meriden,Kansas,1900,433,0.0
Meriden,Kansas,1910,467,7.9
Meriden,Kansas,1920,422,-9.6
Meriden,Kansas,1930,390,-7.6
Meriden,Kansas,1940,421,7.9
Meriden,Kansas,1950,378,-10.2
Meriden,Kansas,1960,402,6.3
Meriden,Kansas,1970,472,17.4
Meriden,Kansas,1980,707,49.8
Meriden,Kansas,1990,622,-12.0
Meriden,Kansas,2000,706,13.5
Meriden,Kansas,2010,813,15.2
Meriden,Kansas,2020,744,-8.5
Moran,Kansas,1890,463,0.0
Moran,Kansas,1900,464,0.2
Moran,Kansas,1910,559,20.5
Moran,Kansas,1920,676,20.9
Moran,Kansas,1930,651,-3.7
Moran,Kansas,1940,592,-9.1
Moran,Kansas,1950,616,4.1
Moran,Kansas,1960,549,-10.9
Moran,Kansas,1970,550,0.2
Moran,Kansas,1980,643,16.9
Moran,Kansas,1990,551,-14.3
Moran,Kansas,2000,562,2.0
Moran,Kansas,2010,558,-0.7
Moran,Kansas,2020,466,-16.5
Morganville,Kansas,1890,233,0.0
Morganville,Kansas,1900,350,50.2
Morganville,Kansas,1910,285,-18.6
Morganville,Kansas,1920,262,-8.1
Morganville,Kansas,1930,281,7.3
Morganville,Kansas,1940,264,-6.0
Morganville,Kansas,1950,278,5.3
Morganville,Kansas,1960,226,-18.7
Morganville,Kansas,1970,257,13.7
Morganville,Kansas,1980,261,1.6
Morganville,Kansas,1990,181,-30.7
Morganville,Kansas,2000,198,9.4
Morganville,Kansas,2010,192,-3.0
Morganville,Kansas,2020,180,-6.2
Morland,Kansas,1910,237,0.0
Morland,Kansas,1920,296,24.9
Morland,Kansas,1930,385,30.1
Morland,Kansas,1940,356,-7.5
Morland,Kansas,1950,287,-19.4
Morland,Kansas,1960,317,10.5
Morland,Kansas,1970,300,-5.4
Morland,Kansas,1980,223,-25.7
Morland,Kansas,1990,234,4.9
Morland,Kansas,2000,164,-29.9
Morland,Kansas,2010,154,-6.1
Morland,Kansas,2020,115,-25.3
Morrowville,Kansas,1930,246,0.0
Morrowville,Kansas,1940,308,25.2
Morrowville,Kansas,1950,229,-25.6
Morrowville,Kansas,1960,195,-14.8
Morrowville,Kansas,1970,201,3.1
Morrowville,Kansas,1980,180,-10.4
Morrowville,Kansas,1990,173,-3.9
Morrowville,Kansas,2000,168,-2.9
Morrowville,Kansas,2010,155,-7.7
Morrowville,Kansas,2020,114,-26.5
Mound City,Kansas,1870,645,0.0
Mound City,Kansas,1880,443,-31.3
Mound City,Kansas,1890,888,100.5
Mound City,Kansas,1900,809,-8.9
Mound City,Kansas,1910,698,-13.7
Mound City,Kansas,1920,720,3.2
Mound City,Kansas,1930,655,-9.0
Mound City,Kansas,1940,703,7.3
Mound City,Kansas,1950,707,0.6
Mound City,Kansas,1960,661,-6.5
Mound City,Kansas,1970,714,8.0
Mound City,Kansas,1980,755,5.7
Mound City,Kansas,1990,789,4.5
Mound City,Kansas,2000,821,4.1
Mound City,Kansas,2010,694,-15.5
Mound City,Kansas,2020,647,-6.8
Mound Valley,Kansas,1880,138,0.0
Mound Valley,Kansas,1890,545,294.9
Mound Valley,Kansas,1900,533,-2.2
Mound Valley,Kansas,1910,956,79.4
Mound Valley,Kansas,1920,803,-16.0
Mound Valley,Kansas,1930,666,-17.1
Mound Valley,Kansas,1940,648,-2.7
Mound Valley,Kansas,1950,566,-12.7
Mound Valley,Kansas,1960,481,-15.0
Mound Valley,Kansas,1970,467,-2.9
Mound Valley,Kansas,1980,381,-18.4
Mound Valley,Kansas,1990,405,6.3
Mound Valley,Kansas,2000,418,3.2
Mound Valley,Kansas,2010,407,-2.6
Mound Valley,Kansas,2020,348,-14.5
Munden,Kansas,1910,275,0.0
Munden,Kansas,1920,339,23.3
Munden,Kansas,1930,205,-39.5
Munden,Kansas,1940,193,-5.9
Munden,Kansas,1950,169,-12.4
Munden,Kansas,1960,177,4.7
Munden,Kansas,1970,123,-30.5
Munden,Kansas,1980,152,23.6
Munden,Kansas,1990,143,-5.9
Munden,Kansas,2000,122,-14.7
Munden,Kansas,2010,100,-18.0
Munden,Kansas,2020,96,-4.0
Muscotah,Kansas,1880,412,0.0
Muscotah,Kansas,1890,524,27.2
Muscotah,Kansas,1900,462,-11.8
Muscotah,Kansas,1910,491,6.3
Muscotah,Kansas,1920,427,-13.0
Muscotah,Kansas,1930,366,-14.3
Muscotah,Kansas,1940,331,-9.6
Muscotah,Kansas,1950,248,-25.1
Muscotah,Kansas,1960,228,-8.1
Muscotah,Kansas,1970,206,-9.6
Muscotah,Kansas,1980,248,20.4
Muscotah,Kansas,1990,194,-21.8
Muscotah,Kansas,2000,200,3.1
Muscotah,Kansas,2010,176,-12.0
Muscotah,Kansas,2020,155,-11.9
Narka,Kansas,1900,258,0.0
Narka,Kansas,1910,278,7.8
Narka,Kansas,1920,207,-25.5
Narka,Kansas,1930,252,21.7
Narka,Kansas,1940,193,-23.4
Narka,Kansas,1950,220,14.0
Narka,Kansas,1960,166,-24.5
Narka,Kansas,1970,130,-21.7
Narka,Kansas,1980,120,-7.7
Narka,Kansas,1990,113,-5.8
Narka,Kansas,2000,93,-17.7
Narka,Kansas,2010,94,1.1
Narka,Kansas,2020,81,-13.8
Natoma,Kansas,1910,407,0.0
Natoma,Kansas,1920,518,27.3
Natoma,Kansas,1930,583,12.5
Natoma,Kansas,1940,651,11.7
Natoma,Kansas,1950,775,19.0
Natoma,Kansas,1960,775,0.0
Natoma,Kansas,1970,603,-22.2
Natoma,Kansas,1980,515,-14.6
Natoma,Kansas,1990,392,-23.9
Natoma,Kansas,2000,367,-6.4
Natoma,Kansas,2010,335,-8.7
Natoma,Kansas,2020,302,-9.9
Neosho Falls,Kansas,1870,532,0.0
Neosho Falls,Kansas,1880,552,3.8
Neosho Falls,Kansas,1890,606,9.8
Neosho Falls,Kansas,1900,763,25.9
Neosho Falls,Kansas,1910,571,-25.2
Neosho Falls,Kansas,1920,628,10.0
Neosho Falls,Kansas,1930,462,-26.4
Neosho Falls,Kansas,1940,452,-2.2
Neosho Falls,Kansas,1950,355,-21.5
Neosho Falls,Kansas,1960,222,-37.5
Neosho Falls,Kansas,1970,184,-17.1
Neosho Falls,Kansas,1980,157,-14.7
Neosho Falls,Kansas,1990,157,0.0
Neosho Falls,Kansas,2000,179,14.0
Neosho Falls,Kansas,2010,141,-21.2
Neosho Falls,Kansas,2020,134,-5.0
Netawaka,Kansas,1890,267,0.0
Netawaka,Kansas,1900,330,23.6
Netawaka,Kansas,1910,250,-24.2
Netawaka,Kansas,1920,267,6.8
Netawaka,Kansas,1930,229,-14.2
Netawaka,Kansas,1940,226,-1.3
Netawaka,Kansas,1950,213,-5.8
Netawaka,Kansas,1960,225,5.6
Netawaka,Kansas,1970,192,-14.7
Netawaka,Kansas,1980,218,13.5
Netawaka,Kansas,1990,167,-23.4
Netawaka,Kansas,2000,170,1.8
Netawaka,Kansas,2010,143,-15.9
Netawaka,Kansas,2020,139,-2.8
New Albany,Kansas,1880,232,0.0
New Albany,Kansas,1910,213,0.0
New Albany,Kansas,1920,223,4.7
New Albany,Kansas,1930,150,-32.7
New Albany,Kansas,1940,165,10.0
New Albany,Kansas,1950,152,-7.9
New Albany,Kansas,1960,104,-31.6
New Albany,Kansas,1970,59,-43.3
New Albany,Kansas,1980,78,32.2
New Albany,Kansas,1990,60,-23.1
New Albany,Kansas,2000,73,21.7
New Albany,Kansas,2010,56,-23.3
New Albany,Kansas,2020,57,1.8
Niotaze,Kansas,1910,317,0.0
Niotaze,Kansas,1920,186,-41.3
Niotaze,Kansas,1930,235,26.3
Niotaze,Kansas,1940,241,2.6
Niotaze,Kansas,1950,162,-32.8
Niotaze,Kansas,1960,124,-23.5
Niotaze,Kansas,1970,83,-33.1
Niotaze,Kansas,1980,104,25.3
Niotaze,Kansas,1990,99,-4.8
Niotaze,Kansas,2000,122,23.2
Niotaze,Kansas,2010,82,-32.8
Niotaze,Kansas,2020,90,9.8
Norcatur,Kansas,1910,482,0.0
Norcatur,Kansas,1920,476,-1.2
Norcatur,Kansas,1930,524,10.1
Norcatur,Kansas,1940,440,-16.0
Norcatur,Kansas,1950,368,-16.4
Norcatur,Kansas,1960,302,-17.9
Norcatur,Kansas,1970,284,-6.0
Norcatur,Kansas,1980,226,-20.4
Norcatur,Kansas,1990,198,-12.4
Norcatur,Kansas,2000,169,-14.6
Norcatur,Kansas,2010,151,-10.7
Norcatur,Kansas,2020,159,5.3
Nortonville,Kansas,1880,350,0.0
Nortonville,Kansas,1890,669,91.1
Nortonville,Kansas,1900,700,4.6
Nortonville,Kansas,1910,638,-8.9
Nortonville,Kansas,1920,696,9.1
Nortonville,Kansas,1930,606,-12.9
Nortonville,Kansas,1940,562,-7.3
Nortonville,Kansas,1950,568,1.1
Nortonville,Kansas,1960,595,4.8
Nortonville,Kansas,1970,727,22.2
Nortonville,Kansas,1980,692,-4.8
Nortonville,Kansas,1990,643,-7.1
Nortonville,Kansas,2000,620,-3.6
Nortonville,Kansas,2010,637,2.7
Nortonville,Kansas,2020,601,-5.7
Norwich,Kansas,1890,301,0.0
Norwich,Kansas,1900,311,3.3
Norwich,Kansas,1910,392,26.0
Norwich,Kansas,1920,430,9.7
Norwich,Kansas,1930,477,10.9
Norwich,Kansas,1940,411,-13.8
Norwich,Kansas,1950,378,-8.0
Norwich,Kansas,1960,430,13.8
Norwich,Kansas,1970,414,-3.7
Norwich,Kansas,1980,476,15.0
Norwich,Kansas,1990,455,-4.4
Norwich,Kansas,2000,551,21.1
Norwich,Kansas,2010,491,-10.9
Norwich,Kansas,2020,444,-9.6
Oberlin,Kansas,1890,976,0.0
Oberlin,Kansas,1900,937,-4.0
Oberlin,Kansas,1910,1157,23.5
Oberlin,Kansas,1920,1247,7.8
Oberlin,Kansas,1930,1629,30.6
Oberlin,Kansas,1940,1878,15.3
Oberlin,Kansas,1950,2019,7.5
Oberlin,Kansas,1960,2337,15.8
Oberlin,Kansas,1970,2291,-2.0
Oberlin,Kansas,1980,2387,4.2
Oberlin,Kansas,1990,2197,-8.0
Oberlin,Kansas,2000,1994,-9.2
Oberlin,Kansas,2010,1788,-10.3
Oberlin,Kansas,2020,1644,-8.1
Oketo,Kansas,1890,334,0.0
Oketo,Kansas,1900,347,3.9
Oketo,Kansas,1910,253,-27.1
Oketo,Kansas,1920,225,-11.1
Oketo,Kansas,1930,225,0.0
Oketo,Kansas,1940,218,-3.1
Oketo,Kansas,1950,169,-22.5
Oketo,Kansas,1960,128,-24.3
Oketo,Kansas,1970,133,3.9
Oketo,Kansas,1980,130,-2.3
Oketo,Kansas,1990,116,-10.8
Oketo,Kansas,2000,87,-25.0
Oketo,Kansas,2010,66,-24.1
Oketo,Kansas,2020,64,-3.0
Olpe,Kansas,1910,215,0.0
Olpe,Kansas,1920,235,9.3
Olpe,Kansas,1930,317,34.9
Olpe,Kansas,1940,331,4.4
Olpe,Kansas,1950,293,-11.5
Olpe,Kansas,1960,722,146.4
Olpe,Kansas,1970,453,-37.3
Olpe,Kansas,1980,477,5.3
Olpe,Kansas,1990,431,-9.6
Olpe,Kansas,2000,504,16.9
Olpe,Kansas,2010,546,8.3
Olpe,Kansas,2020,519,-4.9
Olsburg,Kansas,1890,185,0.0
Olsburg,Kansas,1930,175,0.0
Olsburg,Kansas,1940,177,1.1
Olsburg,Kansas,1950,140,-20.9
Olsburg,Kansas,1960,137,-2.1
Olsburg,Kansas,1970,151,10.2
Olsburg,Kansas,1980,166,9.9
Olsburg,Kansas,1990,192,15.7
Olsburg,Kansas,2000,192,0.0
Olsburg,Kansas,2010,219,14.1
Olsburg,Kansas,2020,218,-0.5
Oskaloosa,Kansas,1860,631,0.0
Oskaloosa,Kansas,1870,640,1.4
Oskaloosa,Kansas,1880,725,13.3
Oskaloosa,Kansas,1890,773,6.6
Oskaloosa,Kansas,1900,978,26.5
Oskaloosa,Kansas,1910,851,-13.0
Oskaloosa,Kansas,1920,700,-17.7
Oskaloosa,Kansas,1930,733,4.7
Oskaloosa,Kansas,1940,800,9.1
Oskaloosa,Kansas,1950,721,-9.9
Oskaloosa,Kansas,1960,807,11.9
Oskaloosa,Kansas,1970,955,18.3
Oskaloosa,Kansas,1980,1092,14.3
Oskaloosa,Kansas,1990,1074,-1.6
Oskaloosa,Kansas,2000,1165,8.5
Oskaloosa,Kansas,2010,1113,-4.5
Oskaloosa,Kansas,2020,1110,-0.3
Overbrook,Kansas,1890,172,0.0
Overbrook,Kansas,1950,387,0.0
Overbrook,Kansas,1960,509,31.5
Overbrook,Kansas,1970,748,47.0
Overbrook,Kansas,1980,930,24.3
Overbrook,Kansas,1990,920,-1.1
Overbrook,Kansas,2000,947,2.9
Overbrook,Kansas,2010,1058,11.7
Overbrook,Kansas,2020,1005,-5.0
Oxford,Kansas,1880,403,0.0
Oxford,Kansas,1890,665,65.0
Oxford,Kansas,1900,567,-14.7
Oxford,Kansas,1910,624,10.1
Oxford,Kansas,1920,748,19.9
Oxford,Kansas,1930,1129,50.9
Oxford,Kansas,1940,1020,-9.7
Oxford,Kansas,1950,798,-21.8
Oxford,Kansas,1960,989,23.9
Oxford,Kansas,1970,1113,12.5
Oxford,Kansas,1980,1125,1.1
Oxford,Kansas,1990,1143,1.6
Oxford,Kansas,2000,1173,2.6
Oxford,Kansas,2010,1049,-10.6
Oxford,Kansas,2020,1048,-0.1
Palco,Kansas,1910,279,0.0
Palco,Kansas,1920,281,0.7
Palco,Kansas,1930,290,3.2
Palco,Kansas,1940,276,-4.8
Palco,Kansas,1950,405,46.7
Palco,Kansas,1960,575,42.0
Palco,Kansas,1970,398,-30.8
Palco,Kansas,1980,329,-17.3
Palco,Kansas,1990,295,-10.3
Palco,Kansas,2000,248,-15.9
Palco,Kansas,2010,277,11.7
Palco,Kansas,2020,208,-24.9
Palmer,Kansas,1880,125,0.0
Palmer,Kansas,1890,203,62.4
Palmer,Kansas,1920,179,0.0
Palmer,Kansas,1930,187,4.5
Palmer,Kansas,1940,182,-2.7
Palmer,Kansas,1950,150,-17.6
Palmer,Kansas,1960,169,12.7
Palmer,Kansas,1970,166,-1.8
Palmer,Kansas,1980,149,-10.2
Palmer,Kansas,1990,121,-18.8
Palmer,Kansas,2000,108,-10.7
Palmer,Kansas,2010,111,2.8
Palmer,Kansas,2020,125,12.6
Paradise,Kansas,1930,178,0.0
Paradise,Kansas,1940,161,-9.6
Paradise,Kansas,1950,145,-9.9
Paradise,Kansas,1960,134,-7.6
Paradise,Kansas,1970,145,8.2
Paradise,Kansas,1980,89,-38.6
Paradise,Kansas,1990,66,-25.8
Paradise,Kansas,2000,64,-3.0
Paradise,Kansas,2010,49,-23.4
Paradise,Kansas,2020,35,-28.6
Parkerville,Kansas,1890,202,0.0
Parkerville,Kansas,1900,146,-27.7
Parkerville,Kansas,1910,157,7.5
Parkerville,Kansas,1920,144,-8.3
Parkerville,Kansas,1930,127,-11.8
Parkerville,Kansas,1940,105,-17.3
Parkerville,Kansas,1950,78,-25.7
Parkerville,Kansas,1960,59,-24.4
Parkerville,Kansas,1970,25,-57.6
Parkerville,Kansas,1980,42,68.0
Parkerville,Kansas,1990,28,-33.3
Parkerville,Kansas,2000,73,160.7
Parkerville,Kansas,2010,59,-19.2
Parkerville,Kansas,2020,46,-22.0
Penalosa,Kansas,1930,128,0.0
Penalosa,Kansas,1940,118,-7.8
Penalosa,Kansas,1950,71,-39.8
Penalosa,Kansas,1960,84,18.3
Penalosa,Kansas,1970,32,-61.9
Penalosa,Kansas,1980,31,-3.1
Penalosa,Kansas,1990,21,-32.3
Penalosa,Kansas,2000,27,28.6
Penalosa,Kansas,2010,17,-37.0
Penalosa,Kansas,2020,18,5.9
Peru,Kansas,1880,135,0.0
Peru,Kansas,1910,575,0.0
Peru,Kansas,1920,570,-0.9
Peru,Kansas,1930,628,10.2
Peru,Kansas,1940,487,-22.5
Peru,Kansas,1950,368,-24.4
Peru,Kansas,1960,340,-7.6
Peru,Kansas,1970,289,-15.0
Peru,Kansas,1980,286,-1.0
Peru,Kansas,1990,206,-28.0
Peru,Kansas,2000,183,-11.2
Peru,Kansas,2010,139,-24.0
Peru,Kansas,2020,101,-27.3
Plainville,Kansas,1880,39,0.0
Plainville,Kansas,1890,347,789.7
Plainville,Kansas,1900,378,8.9
Plainville,Kansas,1910,1090,188.4
Plainville,Kansas,1920,1004,-7.9
Plainville,Kansas,1930,1058,5.4
Plainville,Kansas,1940,1232,16.4
Plainville,Kansas,1950,2082,69.0
Plainville,Kansas,1960,3104,49.1
Plainville,Kansas,1970,2627,-15.4
Plainville,Kansas,1980,2458,-6.4
Plainville,Kansas,1990,2173,-11.6
Plainville,Kansas,2000,2029,-6.6
Plainville,Kansas,2010,1903,-6.2
Plainville,Kansas,2020,1746,-8.3
Portis,Kansas,1880,43,0.0
Portis,Kansas,1910,304,0.0
Portis,Kansas,1920,390,28.3
Portis,Kansas,1930,340,-12.8
Portis,Kansas,1940,349,2.6
Portis,Kansas,1950,286,-18.1
Portis,Kansas,1960,232,-18.9
Portis,Kansas,1970,178,-23.3
Portis,Kansas,1980,172,-3.4
Portis,Kansas,1990,129,-25.0
Portis,Kansas,2000,123,-4.7
Portis,Kansas,2010,103,-16.3
Portis,Kansas,2020,86,-16.5
Potwin,Kansas,1910,249,0.0
Potwin,Kansas,1920,415,66.7
Potwin,Kansas,1930,427,2.9
Potwin,Kansas,1940,487,14.1
Potwin,Kansas,1950,465,-4.5
Potwin,Kansas,1960,635,36.6
Potwin,Kansas,1970,497,-21.7
Potwin,Kansas,1980,563,13.3
Potwin,Kansas,1990,448,-20.4
Potwin,Kansas,2000,457,2.0
Potwin,Kansas,2010,449,-1.8
Potwin,Kansas,2020,421,-6.2
Powhattan,Kansas,1900,237,0.0
Powhattan,Kansas,1910,216,-8.9
Powhattan,Kansas,1920,247,14.4
Powhattan,Kansas,1930,221,-10.5
Powhattan,Kansas,1940,184,-16.7
Powhattan,Kansas,1950,150,-18.5
Powhattan,Kansas,1960,128,-14.7
Powhattan,Kansas,1970,111,-13.3
Powhattan,Kansas,1980,95,-14.4
Powhattan,Kansas,1990,111,16.8
Powhattan,Kansas,2000,91,-18.0
Powhattan,Kansas,2010,77,-15.4
Powhattan,Kansas,2020,69,-10.4
Preston,Kansas,1910,278,0.0
Preston,Kansas,1920,401,44.2
Preston,Kansas,1930,383,-4.5
Preston,Kansas,1940,328,-14.4
Preston,Kansas,1950,307,-6.4
Preston,Kansas,1960,278,-9.4
Preston,Kansas,1970,239,-14.0
Preston,Kansas,1980,227,-5.0
Preston,Kansas,1990,177,-22.0
Preston,Kansas,2000,164,-7.3
Preston,Kansas,2010,158,-3.7
Preston,Kansas,2020,115,-27.2
Pretty Prairie,Kansas,1910,327,0.0
Pretty Prairie,Kansas,1920,432,32.1
Pretty Prairie,Kansas,1930,429,-0.7
Pretty Prairie,Kansas,1940,452,5.4
Pretty Prairie,Kansas,1950,484,7.1
Pretty Prairie,Kansas,1960,525,8.5
Pretty Prairie,Kansas,1970,561,6.9
Pretty Prairie,Kansas,1980,655,16.8
Pretty Prairie,Kansas,1990,601,-8.2
Pretty Prairie,Kansas,2000,615,2.3
Pretty Prairie,Kansas,2010,680,10.6
Pretty Prairie,Kansas,2020,660,-2.9
Princeton,Kansas,1880,103,0.0
Princeton,Kansas,1930,210,0.0
Princeton,Kansas,1940,187,-11.0
Princeton,Kansas,1950,177,-5.3
Princeton,Kansas,1960,174,-1.7
Princeton,Kansas,1970,159,-8.6
Princeton,Kansas,1980,244,53.5
Princeton,Kansas,1990,275,12.7
Princeton,Kansas,2000,317,15.3
Princeton,Kansas,2010,277,-12.6
Princeton,Kansas,2020,248,-10.5
Protection,Kansas,1910,390,0.0
Protection,Kansas,1920,1109,184.4
Protection,Kansas,1930,1072,-3.3
Protection,Kansas,1940,846,-21.1
Protection,Kansas,1950,814,-3.8
Protection,Kansas,1960,750,-7.9
Protection,Kansas,1970,673,-10.3
Protection,Kansas,1980,684,1.6
Protection,Kansas,1990,625,-8.6
Protection,Kansas,2000,558,-10.7
Protection,Kansas,2010,514,-7.9
Protection,Kansas,2020,498,-3.1
Randall,Kansas,1890,239,0.0
Randall,Kansas,1900,268,12.1
Randall,Kansas,1910,325,21.3
Randall,Kansas,1920,304,-6.5
Randall,Kansas,1930,262,-13.8
Randall,Kansas,1940,281,7.3
Randall,Kansas,1950,240,-14.6
Randall,Kansas,1960,201,-16.2
Randall,Kansas,1970,195,-3.0
Randall,Kansas,1980,154,-21.0
Randall,Kansas,1990,96,-37.7
Randall,Kansas,2000,90,-6.2
Randall,Kansas,2010,65,-27.8
Randall,Kansas,2020,79,21.5
Ransom,Kansas,1910,204,0.0
Ransom,Kansas,1920,285,39.7
Ransom,Kansas,1930,431,51.2
Ransom,Kansas,1940,403,-6.5
Ransom,Kansas,1950,405,0.5
Ransom,Kansas,1960,387,-4.4
Ransom,Kansas,1970,416,7.5
Ransom,Kansas,1980,448,7.7
Ransom,Kansas,1990,386,-13.8
Ransom,Kansas,2000,338,-12.4
Ransom,Kansas,2010,294,-13.0
Ransom,Kansas,2020,260,-11.6
Redfield,Kansas,1890,162,0.0
Redfield,Kansas,1910,232,0.0
Redfield,Kansas,1920,269,15.9
Redfield,Kansas,1930,233,-13.4
Redfield,Kansas,1940,194,-16.7
Redfield,Kansas,1950,173,-10.8
Redfield,Kansas,1960,133,-23.1
Redfield,Kansas,1970,138,3.8
Redfield,Kansas,1980,185,34.1
Redfield,Kansas,1990,143,-22.7
Redfield,Kansas,2000,140,-2.1
Redfield,Kansas,2010,146,4.3
Redfield,Kansas,2020,90,-38.4
Richmond,Kansas,1880,50,0.0
Richmond,Kansas,1920,400,0.0
Richmond,Kansas,1930,411,2.8
Richmond,Kansas,1940,418,1.7
Richmond,Kansas,1950,433,3.6
Richmond,Kansas,1960,352,-18.7
Richmond,Kansas,1970,464,31.8
Richmond,Kansas,1980,510,9.9
Richmond,Kansas,1990,528,3.5
Richmond,Kansas,2000,510,-3.4
Richmond,Kansas,2010,464,-9.0
Richmond,Kansas,2020,459,-1.1
Riley,Kansas,1880,93,0.0
Riley,Kansas,1910,343,0.0
Riley,Kansas,1920,364,6.1
Riley,Kansas,1930,431,18.4
Riley,Kansas,1940,392,-9.0
Riley,Kansas,1950,414,5.6
Riley,Kansas,1960,575,38.9
Riley,Kansas,1970,668,16.2
Riley,Kansas,1980,779,16.6
Riley,Kansas,1990,804,3.2
Riley,Kansas,2000,886,10.2
Riley,Kansas,2010,939,6.0
Riley,Kansas,2020,938,-0.1
Robinson,Kansas,1880,210,0.0
Robinson,Kansas,1900,493,0.0
Robinson,Kansas,1910,492,-0.2
Robinson,Kansas,1920,500,1.6
Robinson,Kansas,1930,457,-8.6
Robinson,Kansas,1940,413,-9.6
Robinson,Kansas,1950,381,-7.7
Robinson,Kansas,1960,317,-16.8
Robinson,Kansas,1970,278,-12.3
Robinson,Kansas,1980,324,16.5
Robinson,Kansas,1990,268,-17.3
Robinson,Kansas,2000,216,-19.4
Robinson,Kansas,2010,234,8.3
Robinson,Kansas,2020,183,-21.8
Sedan,Kansas,1880,665,0.0
Sedan,Kansas,1890,970,45.9
Sedan,Kansas,1900,1067,10.0
Sedan,Kansas,1910,1211,13.5
Sedan,Kansas,1920,1885,55.7
Sedan,Kansas,1930,1776,-5.8
Sedan,Kansas,1940,1948,9.7
Sedan,Kansas,1950,1640,-15.8
Sedan,Kansas,1960,1677,2.3
Sedan,Kansas,1970,1555,-7.3
Sedan,Kansas,1980,1579,1.5
Sedan,Kansas,1990,1306,-17.3
Sedan,Kansas,2000,1342,2.8
Sedan,Kansas,2010,1124,-16.2
Sedan,Kansas,2020,1000,-11.0
Severy,Kansas,1880,306,0.0
Severy,Kansas,1890,389,27.1
Severy,Kansas,1900,489,25.7
Severy,Kansas,1910,608,24.3
Severy,Kansas,1920,551,-9.4
Severy,Kansas,1930,525,-4.7
Severy,Kansas,1940,570,8.6
Severy,Kansas,1950,477,-16.3
Severy,Kansas,1960,492,3.1
Severy,Kansas,1970,384,-22.0
Severy,Kansas,1980,447,16.4
Severy,Kansas,1990,357,-20.1
Severy,Kansas,2000,359,0.6
Severy,Kansas,2010,259,-27.9
Severy,Kansas,2020,205,-20.8
Seward,Kansas,1930,127,0.0
Seward,Kansas,1940,125,-1.6
Seward,Kansas,1950,130,4.0
Seward,Kansas,1960,92,-29.2
Seward,Kansas,1970,66,-28.3
Seward,Kansas,1980,88,33.3
Seward,Kansas,1990,71,-19.3
Seward,Kansas,2000,63,-11.3
Seward,Kansas,2010,64,1.6
Seward,Kansas,2020,41,-35.9
Soldier,Kansas,1880,98,0.0
Soldier,Kansas,1890,193,96.9
Soldier,Kansas,1900,302,56.5
Soldier,Kansas,1910,358,18.5
Soldier,Kansas,1920,346,-3.4
Soldier,Kansas,1930,274,-20.8
Soldier,Kansas,1940,247,-9.9
Soldier,Kansas,1950,193,-21.9
Soldier,Kansas,1960,171,-11.4
Soldier,Kansas,1970,173,1.2
Soldier,Kansas,1980,165,-4.6
Soldier,Kansas,1990,135,-18.2
Soldier,Kansas,2000,122,-9.6
Soldier,Kansas,2010,136,11.5
Soldier,Kansas,2020,102,-25.0
South Haven,Kansas,1880,124,0.0
South Haven,Kansas,1890,465,275.0
South Haven,Kansas,1900,411,-11.6
South Haven,Kansas,1910,483,17.5
South Haven,Kansas,1920,423,-12.4
South Haven,Kansas,1930,442,4.5
South Haven,Kansas,1940,405,-8.4
South Haven,Kansas,1950,358,-11.6
South Haven,Kansas,1960,408,14.0
South Haven,Kansas,1970,413,1.2
South Haven,Kansas,1980,439,6.3
South Haven,Kansas,1990,420,-4.3
South Haven,Kansas,2000,390,-7.1
South Haven,Kansas,2010,363,-6.9
South Haven,Kansas,2020,324,-10.7
Speed,Kansas,1930,139,0.0
Speed,Kansas,1940,111,-20.1
Speed,Kansas,1950,70,-36.9
Speed,Kansas,1960,75,7.1
Speed,Kansas,1970,58,-22.7
Speed,Kansas,1980,41,-29.3
Speed,Kansas,1990,64,56.1
Speed,Kansas,2000,44,-31.2
Speed,Kansas,2010,37,-15.9
Speed,Kansas,2020,37,0.0
St. Francis,Kansas,1910,492,0.0
St. Francis,Kansas,1920,733,49.0
St. Francis,Kansas,1930,944,28.8
St. Francis,Kansas,1940,1041,10.3
St. Francis,Kansas,1950,1892,81.7
St. Francis,Kansas,1960,1594,-15.8
St. Francis,Kansas,1970,1725,8.2
St. Francis,Kansas,1980,1610,-6.7
St. Francis,Kansas,1990,1495,-7.1
St. Francis,Kansas,2000,1497,0.1
St. Francis,Kansas,2010,1329,-11.2
St. Francis,Kansas,2020,1263,-5.0
St. Paul,Kansas,1870,791,0.0
St. Paul,Kansas,1880,1306,65.1
St. Paul,Kansas,1890,1097,-16.0
St. Paul,Kansas,1900,1047,-4.6
St. Paul,Kansas,1910,927,-11.5
St. Paul,Kansas,1920,974,5.1
St. Paul,Kansas,1930,800,-17.9
St. Paul,Kansas,1940,869,8.6
St. Paul,Kansas,1950,783,-9.9
St. Paul,Kansas,1960,675,-13.8
St. Paul,Kansas,1970,804,19.1
St. Paul,Kansas,1980,746,-7.2
St. Paul,Kansas,1990,687,-7.9
St. Paul,Kansas,2000,646,-6.0
St. Paul,Kansas,2010,629,-2.6
St. Paul,Kansas,2020,614,-2.4
Stockton,Kansas,1880,411,0.0
Stockton,Kansas,1890,880,114.1
Stockton,Kansas,1900,1030,17.0
Stockton,Kansas,1910,1317,27.9
Stockton,Kansas,1920,1324,0.5
Stockton,Kansas,1930,1291,-2.5
Stockton,Kansas,1940,1418,9.8
Stockton,Kansas,1950,1867,31.7
Stockton,Kansas,1970,1818,0.0
Stockton,Kansas,1980,1825,0.4
Stockton,Kansas,1990,1507,-17.4
Stockton,Kansas,2000,1558,3.4
Stockton,Kansas,2010,1329,-14.7
Stockton,Kansas,2020,1480,11.4
Summerfield,Kansas,1890,102,0.0
Summerfield,Kansas,1900,505,395.1
Summerfield,Kansas,1910,554,9.7
Summerfield,Kansas,1920,539,-2.7
Summerfield,Kansas,1930,398,-26.2
Summerfield,Kansas,1940,396,-0.5
Summerfield,Kansas,1950,305,-23.0
Summerfield,Kansas,1960,237,-22.3
Summerfield,Kansas,1970,254,7.2
Summerfield,Kansas,1980,225,-11.4
Summerfield,Kansas,1990,169,-24.9
Summerfield,Kansas,2000,211,24.9
Summerfield,Kansas,2010,156,-26.1
Summerfield,Kansas,2020,125,-19.9
Sun City,Kansas,1880,81,0.0
Sun City,Kansas,1930,404,0.0
Sun City,Kansas,1940,305,-24.5
Sun City,Kansas,1950,231,-24.3
Sun City,Kansas,1960,188,-18.6
Sun City,Kansas,1970,119,-36.7
Sun City,Kansas,1980,85,-28.6
Sun City,Kansas,1990,88,3.5
Sun City,Kansas,2000,81,-8.0
Sun City,Kansas,2010,53,-34.6
Sun City,Kansas,2020,37,-30.2
Sylvan Grove,Kansas,1880,25,0.0
Sylvan Grove,Kansas,1900,319,0.0
Sylvan Grove,Kansas,1910,464,45.5
Sylvan Grove,Kansas,1920,450,-3.0
Sylvan Grove,Kansas,1930,530,17.8
Sylvan Grove,Kansas,1940,540,1.9
Sylvan Grove,Kansas,1950,506,-6.3
Sylvan Grove,Kansas,1960,400,-20.9
Sylvan Grove,Kansas,1970,403,0.8
Sylvan Grove,Kansas,1980,376,-6.7
Sylvan Grove,Kansas,1990,321,-14.6
Sylvan Grove,Kansas,2000,324,0.9
Sylvan Grove,Kansas,2010,279,-13.9
Sylvan Grove,Kansas,2020,291,4.3
Tescott,Kansas,1910,421,0.0
Tescott,Kansas,1920,377,-10.5
Tescott,Kansas,1930,382,1.3
Tescott,Kansas,1940,402,5.2
Tescott,Kansas,1950,412,2.5
Tescott,Kansas,1960,396,-3.9
Tescott,Kansas,1970,393,-0.8
Tescott,Kansas,1980,331,-15.8
Tescott,Kansas,1990,317,-4.2
Tescott,Kansas,2000,339,6.9
Tescott,Kansas,2010,319,-5.9
Tescott,Kansas,2020,265,-16.9
Tonganoxie,Kansas,1880,426,0.0
Tonganoxie,Kansas,1890,673,58.0
Tonganoxie,Kansas,1900,848,26.0
Tonganoxie,Kansas,1910,1018,20.0
Tonganoxie,Kansas,1920,971,-4.6
Tonganoxie,Kansas,1930,1109,14.2
Tonganoxie,Kansas,1940,1114,0.5
Tonganoxie,Kansas,1950,1140,2.3
Tonganoxie,Kansas,1960,1354,18.8
Tonganoxie,Kansas,1970,1717,26.8
Tonganoxie,Kansas,1980,1864,8.6
Tonganoxie,Kansas,1990,2347,25.9
Tonganoxie,Kansas,2000,2728,16.2
Tonganoxie,Kansas,2010,4996,83.1
Tonganoxie,Kansas,2020,5573,11.5
Toronto,Kansas,1880,88,0.0
Toronto,Kansas,1890,552,527.3
Toronto,Kansas,1900,695,25.9
Toronto,Kansas,1910,627,-9.8
Toronto,Kansas,1920,829,32.2
Toronto,Kansas,1930,706,-14.8
Toronto,Kansas,1940,737,4.4
Toronto,Kansas,1950,600,-18.6
Toronto,Kansas,1960,524,-12.7
Toronto,Kansas,1970,431,-17.7
Toronto,Kansas,1980,466,8.1
Toronto,Kansas,1990,317,-32.0
Toronto,Kansas,2000,312,-1.6
Toronto,Kansas,2010,281,-9.9
Toronto,Kansas,2020,206,-26.7
Turon,Kansas,1910,572,0.0
Turon,Kansas,1920,631,10.3
Turon,Kansas,1930,576,-8.7
Turon,Kansas,1940,594,3.1
Turon,Kansas,1950,632,6.4
Turon,Kansas,1960,559,-11.6
Turon,Kansas,1970,430,-23.1
Turon,Kansas,1980,481,11.9
Turon,Kansas,1990,393,-18.3
Turon,Kansas,2000,436,10.9
Turon,Kansas,2010,387,-11.2
Turon,Kansas,2020,309,-20.2
Tyro,Kansas,1910,603,0.0
Tyro,Kansas,1920,454,-24.7
Tyro,Kansas,1930,272,-40.1
Tyro,Kansas,1940,322,18.4
Tyro,Kansas,1950,279,-13.4
Tyro,Kansas,1960,289,3.6
Tyro,Kansas,1970,206,-28.7
Tyro,Kansas,1980,289,40.3
Tyro,Kansas,1990,243,-15.9
Tyro,Kansas,2000,226,-7.0
Tyro,Kansas,2010,220,-2.7
Tyro,Kansas,2020,177,-19.5
Uniontown,Kansas,1880,136,0.0
Uniontown,Kansas,1890,344,152.9
Uniontown,Kansas,1900,293,-14.8
Uniontown,Kansas,1910,256,-12.6
Uniontown,Kansas,1920,300,17.2
Uniontown,Kansas,1930,298,-0.7
Uniontown,Kansas,1940,277,-7.0
Uniontown,Kansas,1950,232,-16.2
Uniontown,Kansas,1960,211,-9.1
Uniontown,Kansas,1970,286,35.5
Uniontown,Kansas,1980,371,29.7
Uniontown,Kansas,1990,290,-21.8
Uniontown,Kansas,2000,288,-0.7
Uniontown,Kansas,2010,272,-5.6
Uniontown,Kansas,2020,293,7.7
Utica,Kansas,1920,285,0.0
Utica,Kansas,1930,382,34.0
Utica,Kansas,1940,379,-0.8
Utica,Kansas,1950,365,-3.7
Utica,Kansas,1960,322,-11.8
Utica,Kansas,1970,297,-7.8
Utica,Kansas,1980,275,-7.4
Utica,Kansas,1990,208,-24.4
Utica,Kansas,2000,223,7.2
Utica,Kansas,2010,158,-29.1
Utica,Kansas,2020,99,-37.3
Valley Falls,Kansas,1860,202,0.0
Valley Falls,Kansas,1870,603,198.5
Valley Falls,Kansas,1880,1016,68.5
Valley Falls,Kansas,1890,1180,16.1
Valley Falls,Kansas,1900,1078,-8.6
Valley Falls,Kansas,1910,1129,4.7
Valley Falls,Kansas,1920,1218,7.9
Valley Falls,Kansas,1930,1238,1.6
Valley Falls,Kansas,1940,1241,0.2
Valley Falls,Kansas,1950,1139,-8.2
Valley Falls,Kansas,1960,1193,4.7
Valley Falls,Kansas,1970,1169,-2.0
Valley Falls,Kansas,1980,1189,1.7
Valley Falls,Kansas,1990,1253,5.4
Valley Falls,Kansas,2000,1254,0.1
Valley Falls,Kansas,2010,1192,-4.9
Valley Falls,Kansas,2020,1092,-8.4
Vermillion,Kansas,1880,122,0.0
Vermillion,Kansas,1900,362,0.0
Vermillion,Kansas,1910,366,1.1
Vermillion,Kansas,1920,294,-19.7
Vermillion,Kansas,1930,288,-2.0
Vermillion,Kansas,1940,300,4.2
Vermillion,Kansas,1950,283,-5.7
Vermillion,Kansas,1960,265,-6.4
Vermillion,Kansas,1970,191,-27.9
Vermillion,Kansas,1980,191,0.0
Vermillion,Kansas,1990,94,-50.8
Vermillion,Kansas,2000,107,13.8
Vermillion,Kansas,2010,112,4.7
Vermillion,Kansas,2020,76,-32.1
Vining,Kansas,1890,241,0.0
Vining,Kansas,1900,245,1.7
Vining,Kansas,1910,191,-22.0
Vining,Kansas,1920,183,-4.2
Vining,Kansas,1930,198,8.2
Vining,Kansas,1940,188,-5.1
Vining,Kansas,1950,168,-10.6
Vining,Kansas,1960,128,-23.8
Vining,Kansas,1970,84,-34.4
Vining,Kansas,1980,85,1.2
Vining,Kansas,1990,55,-35.3
Vining,Kansas,2000,58,5.5
Vining,Kansas,2010,45,-22.4
Vining,Kansas,2020,43,-4.4
Viola,Kansas,1880,290,0.0
Viola,Kansas,1890,537,85.2
Viola,Kansas,1900,510,-5.0
Viola,Kansas,1910,517,1.4
Viola,Kansas,1920,173,-66.5
Viola,Kansas,1930,159,-8.1
Viola,Kansas,1940,131,-17.6
Viola,Kansas,1950,132,0.8
Viola,Kansas,1960,203,53.8
Viola,Kansas,1970,193,-4.9
Viola,Kansas,1980,199,3.1
Viola,Kansas,1990,185,-7.0
Viola,Kansas,2000,211,14.1
Viola,Kansas,2010,130,-38.4
Viola,Kansas,2020,115,-11.5
Virgil,Kansas,1880,44,0.0
Virgil,Kansas,1930,598,0.0
Virgil,Kansas,1940,494,-17.4
Virgil,Kansas,1950,354,-28.3
Virgil,Kansas,1960,229,-35.3
Virgil,Kansas,1970,179,-21.8
Virgil,Kansas,1980,169,-5.6
Virgil,Kansas,1990,91,-46.2
Virgil,Kansas,2000,113,24.2
Virgil,Kansas,2010,71,-37.2
Virgil,Kansas,2020,48,-32.4
Wakefield,Kansas,1890,241,0.0
Wakefield,Kansas,1900,322,33.6
Wakefield,Kansas,1910,514,59.6
Wakefield,Kansas,1920,531,3.3
Wakefield,Kansas,1930,528,-0.6
Wakefield,Kansas,1940,513,-2.8
Wakefield,Kansas,1950,591,15.2
Wakefield,Kansas,1960,603,2.0
Wakefield,Kansas,1970,583,-3.3
Wakefield,Kansas,1980,803,37.7
Wakefield,Kansas,1990,900,12.1
Wakefield,Kansas,2000,838,-6.9
Wakefield,Kansas,2010,980,16.9
Wakefield,Kansas,2020,858,-12.4
Waldo,Kansas,1920,246,0.0
Waldo,Kansas,1930,279,13.4
Waldo,Kansas,1940,257,-7.9
Waldo,Kansas,1950,216,-16.0
Waldo,Kansas,1960,178,-17.6
Waldo,Kansas,1970,123,-30.9
Waldo,Kansas,1980,75,-39.0
Waldo,Kansas,1990,57,-24.0
Waldo,Kansas,2000,48,-15.8
Waldo,Kansas,2010,30,-37.5
Waldo,Kansas,2020,30,0.0
Waldron,Kansas,1910,262,0.0
Waldron,Kansas,1920,225,-14.1
Waldron,Kansas,1930,182,-19.1
Waldron,Kansas,1940,163,-10.4
Waldron,Kansas,1950,83,-49.1
Waldron,Kansas,1960,38,-54.2
Waldron,Kansas,1970,24,-36.8
Waldron,Kansas,1980,29,20.8
Waldron,Kansas,1990,19,-34.5
Waldron,Kansas,2000,17,-10.5
Waldron,Kansas,2010,11,-35.3
Waldron,Kansas,2020,9,-18.2
Walnut,Kansas,1880,196,0.0
Walnut,Kansas,1890,539,175.0
Walnut,Kansas,1900,603,11.9
Walnut,Kansas,1910,639,6.0
Walnut,Kansas,1920,650,1.7
Walnut,Kansas,1930,553,-14.9
Walnut,Kansas,1940,544,-1.6
Walnut,Kansas,1950,534,-1.8
Walnut,Kansas,1960,381,-28.7
Walnut,Kansas,1970,330,-13.4
Walnut,Kansas,1980,308,-6.7
Walnut,Kansas,1990,214,-30.5
Walnut,Kansas,2000,221,3.3
Walnut,Kansas,2010,220,-0.5
Walnut,Kansas,2020,187,-15.0
Washington,Kansas,1880,675,0.0
Washington,Kansas,1890,1613,139.0
Washington,Kansas,1900,1575,-2.4
Washington,Kansas,1910,1547,-1.8
Washington,Kansas,1920,1406,-9.1
Washington,Kansas,1930,1370,-2.6
Washington,Kansas,1940,1598,16.6
Washington,Kansas,1950,1527,-4.4
Washington,Kansas,1960,1506,-1.4
Washington,Kansas,1970,1584,5.2
Washington,Kansas,1980,1488,-6.1
Washington,Kansas,1990,1304,-12.4
Washington,Kansas,2000,1223,-6.2
Washington,Kansas,2010,1131,-7.5
Washington,Kansas,2020,1071,-5.3
Waterville,Kansas,1880,615,0.0
Waterville,Kansas,1890,577,-6.2
Waterville,Kansas,1900,610,5.7
Waterville,Kansas,1910,704,15.4
Waterville,Kansas,1920,665,-5.5
Waterville,Kansas,1930,598,-10.1
Waterville,Kansas,1940,717,19.9
Waterville,Kansas,1950,676,-5.7
Waterville,Kansas,1960,700,3.6
Waterville,Kansas,1970,632,-9.7
Waterville,Kansas,1980,694,9.8
Waterville,Kansas,1990,601,-13.4
Waterville,Kansas,2000,681,13.3
Waterville,Kansas,2010,680,-0.1
Waterville,Kansas,2020,658,-3.2
Waverly,Kansas,1890,548,0.0
Waverly,Kansas,1900,586,6.9
Waverly,Kansas,1910,751,28.2
Waverly,Kansas,1920,619,-17.6
Waverly,Kansas,1930,593,-4.2
Waverly,Kansas,1940,566,-4.6
Waverly,Kansas,1950,487,-14.0
Waverly,Kansas,1960,381,-21.8
Waverly,Kansas,1970,510,33.9
Waverly,Kansas,1980,671,31.6
Waverly,Kansas,1990,618,-7.9
Waverly,Kansas,2000,589,-4.7
Waverly,Kansas,2010,592,0.5
Waverly,Kansas,2020,574,-3.0
West Mineral,Kansas,1910,1770,0.0
West Mineral,Kansas,1920,938,-47.0
West Mineral,Kansas,1930,491,-47.7
West Mineral,Kansas,1940,486,-1.0
West Mineral,Kansas,1950,349,-28.2
West Mineral,Kansas,1960,262,-24.9
West Mineral,Kansas,1970,232,-11.5
West Mineral,Kansas,1980,229,-1.3
West Mineral,Kansas,1990,226,-1.3
West Mineral,Kansas,2000,243,7.5
West Mineral,Kansas,2010,185,-23.9
West Mineral,Kansas,2020,154,-16.8
Westmoreland,Kansas,1890,478,0.0
Westmoreland,Kansas,1900,620,29.7
Westmoreland,Kansas,1910,484,-21.9
Westmoreland,Kansas,1920,386,-20.2
Westmoreland,Kansas,1930,501,29.8
Westmoreland,Kansas,1940,532,6.2
Westmoreland,Kansas,1950,416,-21.8
Westmoreland,Kansas,1960,460,10.6
Westmoreland,Kansas,1970,485,5.4
Westmoreland,Kansas,1980,598,23.3
Westmoreland,Kansas,1990,541,-9.5
Westmoreland,Kansas,2000,631,16.6
Westmoreland,Kansas,2010,778,23.3
Westmoreland,Kansas,2020,740,-4.9
Wetmore,Kansas,1880,340,0.0
Wetmore,Kansas,1890,522,53.5
Wetmore,Kansas,1900,434,-16.9
Wetmore,Kansas,1910,483,11.3
Wetmore,Kansas,1920,500,3.5
Wetmore,Kansas,1930,452,-9.6
Wetmore,Kansas,1940,425,-6.0
Wetmore,Kansas,1950,397,-6.6
Wetmore,Kansas,1960,390,-1.8
Wetmore,Kansas,1970,392,0.5
Wetmore,Kansas,1980,376,-4.1
Wetmore,Kansas,1990,284,-24.5
Wetmore,Kansas,2000,362,27.5
Wetmore,Kansas,2010,368,1.7
Wetmore,Kansas,2020,348,-5.4
Wheaton,Kansas,1930,170,0.0
Wheaton,Kansas,1940,155,-8.8
Wheaton,Kansas,1950,134,-13.5
Wheaton,Kansas,1960,114,-14.9
Wheaton,Kansas,1970,106,-7.0
Wheaton,Kansas,1980,90,-15.1
Wheaton,Kansas,1990,106,17.8
Wheaton,Kansas,2000,92,-13.2
Wheaton,Kansas,2010,95,3.3
Wheaton,Kansas,2020,98,3.2
Whitewater,Kansas,1890,184,0.0
Whitewater,Kansas,1900,267,45.1
Whitewater,Kansas,1910,518,94.0
Whitewater,Kansas,1920,556,7.3
Whitewater,Kansas,1930,556,0.0
Whitewater,Kansas,1940,515,-7.4
Whitewater,Kansas,1950,453,-12.0
Whitewater,Kansas,1960,499,10.2
Whitewater,Kansas,1970,520,4.2
Whitewater,Kansas,1980,751,44.4
Whitewater,Kansas,1990,683,-9.1
Whitewater,Kansas,2000,653,-4.4
Whitewater,Kansas,2010,718,10.0
Whitewater,Kansas,2020,661,-7.9
Whiting,Kansas,1880,221,0.0
Whiting,Kansas,1890,381,72.4
Whiting,Kansas,1900,384,0.8
Whiting,Kansas,1910,426,10.9
Whiting,Kansas,1920,433,1.6
Whiting,Kansas,1930,351,-18.9
Whiting,Kansas,1940,343,-2.3
Whiting,Kansas,1950,267,-22.2
Whiting,Kansas,1960,233,-12.7
Whiting,Kansas,1970,256,9.9
Whiting,Kansas,1980,270,5.5
Whiting,Kansas,1990,213,-21.1
Whiting,Kansas,2000,206,-3.3
Whiting,Kansas,2010,187,-9.2
Whiting,Kansas,2020,191,2.1
Williamsburg,Kansas,1880,419,0.0
Williamsburg,Kansas,1890,502,19.8
Williamsburg,Kansas,1910,399,0.0
Williamsburg,Kansas,1920,404,1.3
Williamsburg,Kansas,1930,367,-9.2
Williamsburg,Kansas,1940,365,-0.5
Williamsburg,Kansas,1950,297,-18.6
Williamsburg,Kansas,1960,255,-14.1
Williamsburg,Kansas,1970,286,12.2
Williamsburg,Kansas,1980,362,26.6
Williamsburg,Kansas,1990,261,-27.9
Williamsburg,Kansas,2000,351,34.5
Williamsburg,Kansas,2010,397,13.1
Williamsburg,Kansas,2020,390,-1.8
Wilmore,Kansas,1930,265,0.0
Wilmore,Kansas,1940,212,-20.0
Wilmore,Kansas,1950,172,-18.9
Wilmore,Kansas,1960,99,-42.4
Wilmore,Kansas,1970,96,-3.0
Wilmore,Kansas,1980,97,1.0
Wilmore,Kansas,1990,78,-19.6
Wilmore,Kansas,2000,57,-26.9
Wilmore,Kansas,2010,53,-7.0
Wilmore,Kansas,2020,37,-30.2
Wilsey,Kansas,1920,337,0.0
Wilsey,Kansas,1930,330,-2.1
Wilsey,Kansas,1940,348,5.5
Wilsey,Kansas,1950,251,-27.9
Wilsey,Kansas,1960,224,-10.8
Wilsey,Kansas,1970,169,-24.6
Wilsey,Kansas,1980,179,5.9
Wilsey,Kansas,1990,149,-16.8
Wilsey,Kansas,2000,191,28.2
Wilsey,Kansas,2010,153,-19.9
Wilsey,Kansas,2020,139,-9.2
Winchester,Kansas,1880,413,0.0
Winchester,Kansas,1890,429,3.9
Winchester,Kansas,1910,456,0.0
Winchester,Kansas,1920,386,-15.4
Winchester,Kansas,1930,418,8.3
Winchester,Kansas,1940,415,-0.7
Winchester,Kansas,1950,355,-14.5
Winchester,Kansas,1960,458,29.0
Winchester,Kansas,1970,492,7.4
Winchester,Kansas,1980,570,15.9
Winchester,Kansas,1990,613,7.5
Winchester,Kansas,2000,579,-5.5
Winchester,Kansas,2010,551,-4.8
Winchester,Kansas,2020,461,-16.3
Windom,Kansas,1890,165,0.0
Windom,Kansas,1900,146,-11.5
Windom,Kansas,1910,176,20.5
Windom,Kansas,1920,248,40.9
Windom,Kansas,1930,197,-20.6
Windom,Kansas,1940,196,-0.5
Windom,Kansas,1950,193,-1.5
Windom,Kansas,1960,168,-13.0
Windom,Kansas,1970,183,8.9
Windom,Kansas,1980,160,-12.6
Windom,Kansas,1990,136,-15.0
Windom,Kansas,2000,137,0.7
Windom,Kansas,2010,130,-5.1
Windom,Kansas,2020,85,-34.6
Woodbine,Kansas,1880,26,0.0
Woodbine,Kansas,1910,250,0.0
Woodbine,Kansas,1920,318,27.2
Woodbine,Kansas,1930,317,-0.3
Woodbine,Kansas,1940,212,-33.1
Woodbine,Kansas,1950,195,-8.0
Woodbine,Kansas,1960,173,-11.3
Woodbine,Kansas,1970,170,-1.7
Woodbine,Kansas,1980,172,1.2
Woodbine,Kansas,1990,186,8.1
Woodbine,Kansas,2000,207,11.3
Woodbine,Kansas,2010,170,-17.9
Woodbine,Kansas,2020,157,-7.6
Woodston,Kansas,1910,299,0.0
Woodston,Kansas,1920,314,5.0
Woodston,Kansas,1930,287,-8.6
Woodston,Kansas,1940,286,-0.3
Woodston,Kansas,1950,296,3.5
Woodston,Kansas,1960,332,12.2
Woodston,Kansas,1970,211,-36.4
Woodston,Kansas,1980,157,-25.6
Woodston,Kansas,1990,121,-22.9
Woodston,Kansas,2000,116,-4.1
Woodston,Kansas,2010,136,17.2
Woodston,Kansas,2020,94,-30.9
Yates Center,Kansas,1880,350,0.0
Yates Center,Kansas,1890,1305,272.9
Yates Center,Kansas,1900,1634,25.2
Yates Center,Kansas,1910,2024,23.9
Yates Center,Kansas,1920,2306,13.9
Yates Center,Kansas,1930,2013,-12.7
Yates Center,Kansas,1940,2176,8.1
Yates Center,Kansas,1950,2178,0.1
Yates Center,Kansas,1960,2080,-4.5
Yates Center,Kansas,1970,1967,-5.4
Yates Center,Kansas,1980,1998,1.6
Yates Center,Kansas,1990,1815,-9.2
Yates Center,Kansas,2000,1599,-11.9
Yates Center,Kansas,2010,1417,-11.4
Yates Center,Kansas,2020,1352,-4.6
